,loss,mean_squared_error,root_mean_squared_error,mean_absolute_error,val_loss,val_mean_squared_error,val_root_mean_squared_error,val_mean_absolute_error
0,0.13728135812874076,0.03871560096740723,0.1967628002166748,0.14997106790542603,0.09223144468652004,0.015799665823578835,0.12569671869277954,0.09609875082969666
1,0.07780043433169548,0.016149790957570076,0.12708182632923126,0.10207360237836838,0.07376812088365506,0.024356963112950325,0.15606717765331268,0.1279783397912979
2,0.05735084453836924,0.016050592064857483,0.12669092416763306,0.10117404162883759,0.04853124098748672,0.013898012228310108,0.11788982897996902,0.09318699687719345
3,0.045163367174658214,0.015245713293552399,0.12347353249788284,0.09861800074577332,0.040015103176933804,0.01417115330696106,0.11904264986515045,0.09523292630910873
4,0.038244241521376614,0.015383364632725716,0.12402969598770142,0.09869444370269775,0.03796419741309324,0.017743833363056183,0.13320598006248474,0.10708589106798172
5,0.03338970148525223,0.015045992098748684,0.12266210466623306,0.0975383073091507,0.035003992397578156,0.018389031291007996,0.13560616970062256,0.10746670514345169
6,0.030116498456144628,0.014844021759927273,0.12183604389429092,0.09709560126066208,0.026986916413476298,0.012888978235423565,0.11352963745594025,0.0880717858672142
7,0.02807839656798016,0.014960977248847485,0.12231507152318954,0.09735001623630524,0.027137588942143954,0.01490751001983881,0.12209631502628326,0.09861137717962265
8,0.025984137481888707,0.014374462887644768,0.11989355087280273,0.09567636996507645,0.024594753967220186,0.013624564744532108,0.11672431230545044,0.09302810579538345
9,0.024854464747873294,0.014428561553359032,0.12011894583702087,0.09553052484989166,0.024499935611915522,0.014509551227092743,0.12045560032129288,0.09671957790851593
10,0.024095979708881558,0.014528934843838215,0.12053602933883667,0.09623899310827255,0.02178671149810513,0.012615099549293518,0.11231695860624313,0.08949952572584152
11,0.023466482956041427,0.014581995084881783,0.12075593322515488,0.0959746465086937,0.02216916430403157,0.01357712596654892,0.11652092635631561,0.09073398262262344
12,0.02279929030670219,0.014491729438304901,0.12038160115480423,0.09596846252679825,0.023581206667370774,0.01552931685000658,0.12461668252944946,0.09541606903076172
13,0.02174687873022038,0.0139128677546978,0.11795282363891602,0.09382966160774231,0.02042019108467612,0.012821109034121037,0.11323033273220062,0.0871569961309433
14,0.021427889899009702,0.014010585844516754,0.11836632341146469,0.09389647841453552,0.021456586106830523,0.014262109063565731,0.11942407488822937,0.09462525695562363
15,0.021029515651797427,0.01397138461470604,0.11820061504840851,0.09415262937545776,0.02566243818148273,0.018821606412529945,0.13719186186790466,0.11104606837034225
16,0.02054772643792052,0.01377741526812315,0.11737723648548126,0.09350598603487015,0.018859902938672093,0.012222486548125744,0.11055535823106766,0.08734193444252014
17,0.02015295840439056,0.013672049157321453,0.11692753434181213,0.09310838580131531,0.025385114940113668,0.019064415246248245,0.13807395100593567,0.11327538639307022
18,0.01981724752094589,0.013557041995227337,0.11643470823764801,0.09232134371995926,0.01838657078223259,0.01223667524755001,0.11061950773000717,0.08692596107721329
19,0.019983570508453168,0.013929626904428005,0.1180238425731659,0.09369368851184845,0.020446707419089587,0.01444896962493658,0.12020386755466461,0.09494026750326157
20,0.02004137491824485,0.014123248867690563,0.1188412755727768,0.09418439865112305,0.018311188849551574,0.012464887462556362,0.11164625734090805,0.08910122513771057
21,0.019022562943932626,0.013276188634335995,0.11522234231233597,0.09180450439453125,0.018601813297323723,0.012954591773450375,0.11381824314594269,0.09063316136598587
22,0.01912735893624742,0.01355357188731432,0.11641980707645416,0.09269844740629196,0.019613497624067174,0.014083576388657093,0.11867424845695496,0.09139623492956161
23,0.01948448725822879,0.01401272602379322,0.11837536096572876,0.09416854381561279,0.018200514361816866,0.012780440039932728,0.11305060982704163,0.08943991363048553
24,0.019056199682729633,0.013685659505426884,0.11698572337627411,0.09290178120136261,0.02194399283859743,0.016638506203889847,0.12899033725261688,0.10066267848014832
25,0.018851122806588856,0.013583825901150703,0.11654967069625854,0.09282414615154266,0.019584950274314915,0.014381793327629566,0.11992411315441132,0.09663266688585281
26,0.018726456480301253,0.013563912361860275,0.11646421253681183,0.09262614697217941,0.018337128862810165,0.01327600609511137,0.1152215525507927,0.0921797975897789
27,0.018317560609780393,0.01326602604240179,0.11517823487520218,0.09173298627138138,0.019300106294205685,0.014263322576880455,0.11942915618419647,0.0921429693698883
28,0.01831963461260645,0.013363178819417953,0.11559921503067017,0.09191436320543289,0.01846284766224216,0.013592856004834175,0.11658840626478195,0.09147355705499649
29,0.018594437229240975,0.013716046698391438,0.11711552739143372,0.09346544742584229,0.021513805619212522,0.01664724573493004,0.1290242075920105,0.10244204849004745
30,0.018044445512383257,0.013244210742413998,0.1150834932923317,0.09127327054738998,0.018590607050181677,0.013849340379238129,0.11768321692943573,0.09498263895511627
31,0.018462125106858893,0.013720960356295109,0.11713650077581406,0.09317656606435776,0.01737871192240653,0.012674215249717236,0.1125798150897026,0.08989568799734116
32,0.018164296994129626,0.013473985716700554,0.1160774976015091,0.09224560856819153,0.019390155689842273,0.014771495014429092,0.12153804302215576,0.09789282828569412
33,0.018242740665986187,0.013598029501736164,0.116610586643219,0.09275227040052414,0.017049618734687078,0.012486601248383522,0.11174346506595612,0.0873110443353653
34,0.017732591704786325,0.013155488297343254,0.11469737440347672,0.09123426675796509,0.01812658563596146,0.01360537763684988,0.11664209514856339,0.0936688557267189
35,0.0181199259334514,0.013586048036813736,0.11655920743942261,0.0925925225019455,0.020297127423667106,0.01574619859457016,0.12548385560512543,0.09835600852966309
36,0.017700357028708404,0.013216507621109486,0.11496306955814362,0.09123199433088303,0.018121693348910818,0.013671917840838432,0.11692697554826736,0.09511669725179672
37,0.01787420952481692,0.013436127454042435,0.11591430753469467,0.09209208935499191,0.01743809499887048,0.013041622936725616,0.1141999289393425,0.09218276292085648
38,0.017773319696154102,0.013401740230619907,0.11576588451862335,0.0920267328619957,0.020152534090993213,0.01581348292529583,0.12575167417526245,0.10212001949548721
39,0.01750259270884839,0.01316891796886921,0.11475590616464615,0.0913006067276001,0.016389060567985444,0.012071599252521992,0.10987082868814468,0.0865066647529602
40,0.017751095900718286,0.013456913642585278,0.11600393801927567,0.0923067256808281,0.019364781534800878,0.015087691135704517,0.12283196300268173,0.09507302939891815
41,0.017578952186250864,0.013335224241018295,0.11547823995351791,0.09178005903959274,0.01671929921613497,0.012483074329793453,0.11172767728567123,0.08907942473888397
42,0.017576078212364954,0.013372990302741528,0.11564164608716965,0.09195297956466675,0.019180839971489026,0.015040144324302673,0.1226382628083229,0.09905892610549927
43,0.017489184139101874,0.0133286714553833,0.11544986814260483,0.09168041497468948,0.018933388760455756,0.01485671941190958,0.12188814580440521,0.099083311855793
44,0.017729563304275667,0.013603117316961288,0.11663240194320679,0.09273606538772583,0.01698718952792449,0.01289327535778284,0.11354856193065643,0.09052930772304535
45,0.01720959561190852,0.013123380951583385,0.11455732583999634,0.09114599972963333,0.01593777465940762,0.011853943578898907,0.1088758185505867,0.08660769462585449
46,0.017247194388494487,0.013192317448556423,0.11485781520605087,0.09134624153375626,0.017117334226397527,0.013033277355134487,0.11416337639093399,0.088807612657547
47,0.016942110831658093,0.012934236787259579,0.11372878402471542,0.09069399535655975,0.017387300131975914,0.013457193970680237,0.11600514501333237,0.09319601207971573
48,0.01714892659996714,0.013178863562643528,0.11479923129081726,0.09140980243682861,0.01657385946664752,0.01260244008153677,0.11226058751344681,0.08707194775342941
49,0.017194716124182323,0.013240988366305828,0.11506949365139008,0.09169349819421768,0.022479127104185065,0.018576717004179955,0.13629643619060516,0.10855644941329956
50,0.017413109339693155,0.013476308435201645,0.11608750373125076,0.09232079982757568,0.01714756117448682,0.013182563707232475,0.11481534689664841,0.09078552573919296
51,0.017290156804213003,0.013366271741688251,0.11561259627342224,0.09209087491035461,0.01683968136336009,0.012899058870971203,0.11357402056455612,0.08871708810329437
52,0.017324944144907165,0.01341851707547903,0.11583832651376724,0.09211894124746323,0.01713487612051504,0.013236184604465961,0.1150486171245575,0.09036821126937866
53,0.016761140471526315,0.012887784279882908,0.11352437734603882,0.09044291079044342,0.017912906341526022,0.014067848213016987,0.11860796064138412,0.09651273488998413
54,0.01686938039931644,0.01302892342209816,0.11414431035518646,0.09105267375707626,0.01604173019626776,0.01223419513553381,0.1106082946062088,0.088057741522789
55,0.017365456670194734,0.013533888384699821,0.11633524298667908,0.09247200936079025,0.016750460235299875,0.01293426938354969,0.11372893303632736,0.09091340750455856
56,0.01695329008572528,0.013145465403795242,0.11465367674827576,0.09126493334770203,0.01749437841467139,0.01370896678417921,0.117085300385952,0.09335919469594955
57,0.01655741514829623,0.012785036116838455,0.11307093501091003,0.0898166075348854,0.018299426881968377,0.014556070789694786,0.12064854055643082,0.0983055979013443
58,0.016771572129595944,0.013024284504354,0.11412398517131805,0.0906527042388916,0.01779500986946946,0.01405489444732666,0.11855334043502808,0.0946403369307518
59,0.016554369648941615,0.012843920849263668,0.11333101987838745,0.0902743861079216,0.016707918212032404,0.01302831806242466,0.11414165794849396,0.08858773857355118
60,0.016920548706811492,0.013222306966781616,0.1149882897734642,0.09133295714855194,0.015601183889674491,0.011920102871954441,0.10917922109365463,0.08574710786342621
61,0.016713904580619394,0.013041535392403603,0.11419954150915146,0.09092824906110764,0.01799952980725705,0.014310686849057674,0.11962728202342987,0.09348435699939728
62,0.01650077673834281,0.012844418175518513,0.11333321779966354,0.09011776745319366,0.018076034109605676,0.014427557587623596,0.120114766061306,0.09247638285160065
63,0.01674753576278591,0.013108272105455399,0.11449136584997177,0.09112296998500824,0.017930552115937432,0.014332231134176254,0.1197172999382019,0.0935259759426117
64,0.016507531222956284,0.012899507768452168,0.1135760024189949,0.09040409326553345,0.015575624869338103,0.012005861848592758,0.10957126319408417,0.0867687538266182
65,0.016346195634423185,0.012772252783179283,0.11301439255475998,0.0899215042591095,0.01746172018471409,0.01387976948171854,0.11781243234872818,0.09464394301176071
66,0.016665362328493676,0.013099905103445053,0.11445481330156326,0.09130967408418655,0.016251029187709796,0.012685557827353477,0.11263018101453781,0.08751087635755539
67,0.016315636769527433,0.012776511721313,0.1130332350730896,0.0901411846280098,0.01681797394007981,0.013323559425771236,0.11542772501707077,0.09165728837251663
68,0.016199045650968077,0.012689030729234219,0.11264559626579285,0.089522585272789,0.02032007479599687,0.016806045547127724,0.12963813543319702,0.10617915540933609
69,0.016311962284198425,0.01281597651541233,0.11320766806602478,0.08997809141874313,0.017948822665806052,0.014455069787800312,0.12022923678159714,0.09688129276037216
70,0.01627642662749261,0.012808854691684246,0.11317621171474457,0.0901733785867691,0.017335237787604905,0.01384098269045353,0.11764770746231079,0.09359239041805267
71,0.01649438757218328,0.013021456077694893,0.11411159485578537,0.09047380834817886,0.015722212569863378,0.012248112820088863,0.11067119240760803,0.089401014149189
72,0.016298768950217053,0.012843020260334015,0.11332704871892929,0.09027788043022156,0.01797127990531368,0.014536160044372082,0.1205659955739975,0.09814058989286423
73,0.016498160447139722,0.013041552156209946,0.11419961601495743,0.0906822457909584,0.016975392637421795,0.013531628996133804,0.11632552742958069,0.0928029865026474
74,0.016604714936354296,0.013151589781045914,0.11468037962913513,0.09124484658241272,0.01576165210943119,0.012302045710384846,0.11091458797454834,0.0888083279132843
75,0.01619470060295036,0.012756266631186008,0.11294364184141159,0.08983263373374939,0.01572856017943321,0.012308996170759201,0.1109459176659584,0.08643428981304169
76,0.01611121452930404,0.012696821242570877,0.11268017441034317,0.08934542536735535,0.016079429203138297,0.012682403437793255,0.1126161739230156,0.09020862728357315
77,0.016431493672723767,0.01302275713533163,0.11411729454994202,0.09089130163192749,0.015972466887432892,0.012547746300697327,0.1120167225599289,0.08986108005046844
78,0.016227070084523683,0.012829906307160854,0.11326917260885239,0.08991511911153793,0.016613698964353416,0.013219843618571758,0.11497757583856583,0.09195012599229813
79,0.016343064655383238,0.01295296847820282,0.11381110548973083,0.09054204076528549,0.015436768076013999,0.012067877687513828,0.10985389351844788,0.0868418961763382
80,0.016001766856883516,0.012629634700715542,0.11238164454698563,0.08935309201478958,0.017161799319723503,0.013786819763481617,0.11741729080677032,0.09086877852678299
81,0.01630026834676651,0.012925934977829456,0.1136922836303711,0.0903269425034523,0.01600562320614443,0.012631348334252834,0.11238927394151688,0.08971837162971497
82,0.01653731914357144,0.013176919892430305,0.11479076743125916,0.09129029512405396,0.016436220291687422,0.013065362349152565,0.11430381238460541,0.09242415428161621
83,0.016729442768690348,0.01335691288113594,0.11557210981845856,0.09185212105512619,0.016348744207033878,0.0129841398447752,0.11394797265529633,0.09204583615064621
84,0.01635737365194443,0.012993382290005684,0.11398851871490479,0.09054137021303177,0.017113727124995974,0.013736213557422161,0.11720159649848938,0.09378323704004288
85,0.016472627501599356,0.013110264204442501,0.11450006067752838,0.09131500869989395,0.02032998788292382,0.01699032261967659,0.13034693896770477,0.10632914304733276
86,0.016195488352031887,0.012843980453908443,0.11333128809928894,0.09018220007419586,0.016921811049529056,0.01356753520667553,0.11647976189851761,0.09299138933420181
87,0.016169940405079918,0.012820146977901459,0.11322608590126038,0.09005714952945709,0.017333837382558014,0.014012100175023079,0.11837271600961685,0.09600838273763657
88,0.016303111749122433,0.012954735197126865,0.11381886899471283,0.09058593213558197,0.015413383694262017,0.012085163965821266,0.109932541847229,0.08735430240631104
89,0.01629326049806405,0.012972586788237095,0.11389726400375366,0.09066444635391235,0.015114480075763673,0.011769218370318413,0.10848602652549744,0.08639403432607651
90,0.016270986013934344,0.012954012490808964,0.11381569504737854,0.09060472995042801,0.01563687302416661,0.012311389669775963,0.11095669865608215,0.08633742481470108
91,0.01633756132941751,0.013023072853684425,0.11411868035793304,0.09049539268016815,0.01640430192987458,0.013102457858622074,0.11446596682071686,0.09206870198249817
92,0.01597912038038043,0.012689199298620224,0.11264634877443314,0.08969252556562424,0.01581384086994087,0.012542439624667168,0.11199303716421127,0.08749957382678986
93,0.01607461654696287,0.012778457254171371,0.11304184049367905,0.08994970470666885,0.015243261317614795,0.01197593193501234,0.10943460464477539,0.0877082347869873
94,0.01645917652779314,0.013180569745600224,0.1148066595196724,0.09119334071874619,0.016803329836214933,0.013530896045267582,0.11632238328456879,0.09221959114074707
95,0.016558093856982873,0.013279284350574017,0.11523577570915222,0.09160039573907852,0.017360275357487607,0.014066919684410095,0.11860404908657074,0.0920611321926117
96,0.016446679253645447,0.013152479194104671,0.11468426138162613,0.09120524674654007,0.01666532790570819,0.013413382694125175,0.1158161610364914,0.09346022456884384
97,0.016099140882825984,0.012828115373849869,0.11326126754283905,0.09032788127660751,0.01750950835177115,0.014218466356396675,0.11924120783805847,0.09525862336158752
98,0.01624161512085966,0.012970025651156902,0.1138860210776329,0.09065613895654678,0.015517386004087232,0.012291456572711468,0.11086684465408325,0.08771183341741562
99,0.01586619154119692,0.012615014798939228,0.11231658607721329,0.08949735760688782,0.017027412004181508,0.013778452761471272,0.11738165467977524,0.093950554728508
100,0.016425991335473046,0.013171294704079628,0.11476626247167587,0.0912172943353653,0.015855205647808377,0.012577708810567856,0.11215038597583771,0.08974096924066544
101,0.015949347846153355,0.01271702442318201,0.11276978254318237,0.08960984647274017,0.01584498567462695,0.012630579061806202,0.11238584667444229,0.08714539557695389
102,0.016017540392666018,0.012797322124242783,0.11312524974346161,0.08995795994997025,0.016258982026210875,0.01300330925732851,0.11403205245733261,0.0883941501379013
103,0.016512426217140653,0.013283723965287209,0.11525503545999527,0.09194814413785934,0.016395412339996987,0.0131743298843503,0.11477948725223541,0.09297061711549759
104,0.01599614135622859,0.012780938297510147,0.11305281519889832,0.08997491747140884,0.0168690429802905,0.013618226163089275,0.11669715493917465,0.09253863990306854
105,0.016043430318733176,0.01283189095556736,0.11327793449163437,0.08981602638959885,0.015931075953152858,0.01270032674074173,0.11269572377204895,0.08977403491735458
106,0.016386729714666762,0.013173757120966911,0.11477699130773544,0.09127763658761978,0.02098381616661147,0.01777571812272072,0.13332560658454895,0.10980325937271118
107,0.016095208851587012,0.012885980308055878,0.1135164350271225,0.09037122130393982,0.015970894706104938,0.012788249179720879,0.11308514326810837,0.08740898966789246
108,0.016145607628742186,0.012946000322699547,0.11378049105405807,0.09039751440286636,0.017933344524376102,0.014722474850714207,0.1213362067937851,0.09893133491277695
109,0.015968419388965184,0.01278203260153532,0.11305765062570572,0.08973000943660736,0.015313268642874063,0.012128929607570171,0.11013142019510269,0.0873856320977211
110,0.01605601501869125,0.012862125411629677,0.1134113073348999,0.09021343290805817,0.01751734556838208,0.014329154044389725,0.11970444768667221,0.09474334120750427
111,0.01604220323285469,0.012873315252363682,0.11346063017845154,0.09022466838359833,0.016233868080423493,0.01306615024805069,0.11430726200342178,0.088660329580307
112,0.01604806460595193,0.01288671139627695,0.11351965367794037,0.09051234275102615,0.015630382163470246,0.012479394674301147,0.11171121150255203,0.09001022577285767
113,0.01589636737797536,0.012747757136821747,0.11290596425533295,0.08969084173440933,0.015322932275105306,0.012177200056612492,0.1103503480553627,0.08834661543369293
114,0.016264911856548506,0.013108992949128151,0.11449450999498367,0.09098252654075623,0.01566362103112653,0.012505621649324894,0.11182853579521179,0.08695954829454422
115,0.01611515244438487,0.012964663095772266,0.11386247724294662,0.09047599136829376,0.015208310835963848,0.01204806100577116,0.10976365953683853,0.08660951256752014
116,0.015871794364762073,0.012738837860524654,0.11286646127700806,0.08980386704206467,0.016175746883438223,0.013036666437983513,0.11417822539806366,0.09259013831615448
117,0.015928867145949432,0.012790908105671406,0.11309690028429031,0.08992785215377808,0.016110295853933462,0.013004847802221775,0.11403880268335342,0.09088974446058273
118,0.016171647249167562,0.013038862496614456,0.11418783664703369,0.09081755578517914,0.016518349368341352,0.013351825065910816,0.11555010080337524,0.09299281239509583
119,0.015867343898035256,0.01274814736098051,0.11290769279003143,0.08974375575780869,0.016003331024141587,0.012909907847642899,0.1136217787861824,0.09019673615694046
120,0.01635071845399458,0.013239994645118713,0.11506517231464386,0.09171298891305923,0.016311997522030917,0.013182167895138264,0.11481362581253052,0.09045413136482239
121,0.016038509881814846,0.012925580143928528,0.11369071900844574,0.09032192081212997,0.016459480168394037,0.013348245061933994,0.11553460359573364,0.08911675214767456
122,0.016490445738019537,0.013367824256420135,0.11561930924654007,0.09200841933488846,0.01606062922936802,0.012918309308588505,0.11365874111652374,0.08886540681123734
123,0.016175247613294405,0.013053440488874912,0.11425165086984634,0.0907265767455101,0.015620415329652913,0.012507669627666473,0.11183769255876541,0.09043599665164948
124,0.015950845858576347,0.012828257866203785,0.11326190084218979,0.09011619538068771,0.015034640608142977,0.011933088302612305,0.10923867672681808,0.08760989457368851
125,0.01588335417571808,0.01278695184737444,0.11307940632104874,0.09011069685220718,0.016124186450753416,0.013027472421526909,0.11413795500993729,0.0912574902176857
126,0.015937404780119072,0.012851277366280556,0.11336347460746765,0.09009493142366409,0.015956756466922878,0.01284850761294365,0.1133512556552887,0.09146630764007568
127,0.01601230660501887,0.012923374772071838,0.11368101835250854,0.0904146358370781,0.015452360895340468,0.012351675890386105,0.11113809049129486,0.08987236768007278
128,0.015945759974196463,0.012868929654359818,0.11344130337238312,0.09036941081285477,0.017061375806770737,0.013998259790241718,0.1183142438530922,0.09590823948383331
129,0.016377983646107323,0.013287956826388836,0.11527340114116669,0.09167664498090744,0.016548346752683227,0.013448742218315601,0.11596871167421341,0.09223400801420212
130,0.016035764080499497,0.012964691035449505,0.11386259645223618,0.09025272727012634,0.015027529613695153,0.01195355411618948,0.10933230817317963,0.0863247737288475
131,0.01582828137789573,0.012761395424604416,0.11296634376049042,0.08977502584457397,0.015137024005415107,0.012082862667739391,0.10992207378149033,0.08815249055624008
132,0.016009905618526377,0.012959332205355167,0.1138390600681305,0.09066206961870193,0.016953193358614855,0.013879253529012203,0.11781024187803268,0.09235025197267532
133,0.01591866234039404,0.012862666510045528,0.11341369897127151,0.09021914750337601,0.014986675331035869,0.011950189247727394,0.10931692272424698,0.08758138865232468
134,0.0158946008498625,0.012841783463954926,0.11332159489393234,0.09011759608983994,0.015762637882885122,0.012715115211904049,0.11276131868362427,0.08761970698833466
135,0.015860677701609285,0.012809653766453266,0.11317974328994751,0.09007417410612106,0.017100669738768386,0.01407307293266058,0.11862998455762863,0.09630365669727325
136,0.01604587400109232,0.013007505796849728,0.11405045539140701,0.09071076661348343,0.016361465347426184,0.013331119902431965,0.11546047031879425,0.0935363620519638
137,0.015977060963429896,0.01294428575783968,0.11377295851707458,0.09045727550983429,0.016140131144916692,0.013117016293108463,0.11452954262495041,0.09100492298603058
138,0.01596049965769589,0.012917847372591496,0.11365670710802078,0.09046752005815506,0.016318256411852004,0.013284698128700256,0.11525926738977432,0.09064650535583496
139,0.016007194077136185,0.012980860657989979,0.11393357813358307,0.09083922952413559,0.018125626165009873,0.015098342671990395,0.12287531048059464,0.09635774046182632
140,0.015869652813657514,0.012851789593696594,0.11336573213338852,0.09041287750005722,0.016563884569939468,0.01352369412779808,0.11629141867160797,0.09103299677371979
141,0.015792150414135515,0.01277975458651781,0.11304757744073868,0.08989538997411728,0.015209998857944,0.012221552431583405,0.1105511337518692,0.08922088891267776
142,0.01581912321530852,0.012813551351428032,0.113196961581707,0.09023147821426392,0.017463635305176025,0.014440234750509262,0.12016753107309341,0.09370031952857971
143,0.015745170122268153,0.0127545315772295,0.11293596029281616,0.089766725897789,0.01619350938808446,0.013197976164519787,0.1148824468255043,0.09310542792081833
144,0.015650042404263032,0.012670332565903664,0.11256257444620132,0.08971477299928665,0.017936462410489004,0.014985153451561928,0.12241385877132416,0.09987761825323105
145,0.015970378531282452,0.012995687313377857,0.11399862915277481,0.09089331328868866,0.0169038424576197,0.01385197602212429,0.1176944151520729,0.0957079827785492
146,0.015940135332191883,0.012961920350790024,0.1138504296541214,0.0905294343829155,0.0161835890175367,0.013220948167145252,0.11498238146305084,0.09347435086965561
147,0.01566079569434156,0.01269131526350975,0.11265573650598526,0.08957435190677643,0.015810234974152973,0.012842846103012562,0.11332628130912781,0.08718152344226837
148,0.015691318194053564,0.012733562849462032,0.1128430888056755,0.08970481157302856,0.015073627855132322,0.012118590995669365,0.11008447408676147,0.08847903460264206
149,0.015763666030584503,0.012810904532670975,0.11318526417016983,0.08982826769351959,0.017612151739348908,0.014667403884232044,0.12110906094312668,0.09308163821697235
150,0.015834012891308646,0.012884760275483131,0.11351105570793152,0.09032613784074783,0.015381118556221469,0.012318987399339676,0.11099093407392502,0.08862631022930145
151,0.016020749452985636,0.013063407503068447,0.11429526656866074,0.09076886624097824,0.01926522479937071,0.016313603147864342,0.12772472202777863,0.09917878359556198
152,0.015617135797395092,0.012679493054747581,0.11260325461626053,0.08949608355760574,0.015109357559362522,0.012163210660219193,0.11028694361448288,0.08859922736883163
153,0.015795784179164486,0.012854588218033314,0.11337807774543762,0.09012749046087265,0.01499623938181511,0.012064067646861076,0.10983654856681824,0.08811557292938232
154,0.015876616251801385,0.012942058965563774,0.11376316845417023,0.09045694023370743,0.016436506592880647,0.013514278456568718,0.11625093221664429,0.09111622720956802
155,0.015637835009950026,0.012714230455458164,0.11275739967823029,0.08981074392795563,0.019416452239768036,0.01651187241077423,0.12849852442741394,0.10499224066734314
156,0.015769893117919834,0.012835780158638954,0.11329510062932968,0.09014024585485458,0.015076595056308609,0.012175393290817738,0.11034216731786728,0.08726843446493149
157,0.015517983543856138,0.012611377984285355,0.11230038851499557,0.08957100659608841,0.017986722479836376,0.015067283064126968,0.12274885922670364,0.0991920679807663
158,0.015689888230415762,0.012777839787304401,0.11303910613059998,0.08973943442106247,0.015310393540518863,0.012420719489455223,0.11144828051328659,0.08833512663841248
159,0.01557018046750694,0.012675424106419086,0.11258518695831299,0.08975964039564133,0.016485880057112413,0.013597042299807072,0.11660635471343994,0.09513743221759796
160,0.015648094032342887,0.01276248600333929,0.11297117173671722,0.0899617150425911,0.016229311593112444,0.013351690955460072,0.11554951965808868,0.0916307270526886
161,0.015586030945664837,0.012707863934338093,0.11272916197776794,0.08964039385318756,0.016308413763322226,0.01345787663012743,0.11600808799266815,0.09365741908550262
162,0.01584914625294748,0.012964612804353237,0.11386225372552872,0.0905369445681572,0.015009705665237716,0.012148946523666382,0.11022225767374039,0.08686155825853348
163,0.015513599844647199,0.012648184783756733,0.11246415227651596,0.08969662338495255,0.01508848592952019,0.012237399816513062,0.11062277853488922,0.08811569958925247
164,0.015579293558404607,0.012725631706416607,0.11280794441699982,0.08962877094745636,0.018757768400928743,0.0159046221524477,0.12611353397369385,0.10168462246656418
165,0.015627581071259142,0.012763102538883686,0.1129738986492157,0.08996111899614334,0.015115587654210129,0.012263902463018894,0.11074250191450119,0.08710626512765884
166,0.015605065708129513,0.012764107435941696,0.11297834664583206,0.0898790955543518,0.01752971207910106,0.014673201367259026,0.121132992208004,0.09616628289222717
167,0.015688676122470158,0.012845889665186405,0.11333970725536346,0.09015849977731705,0.01731190873289845,0.014455359429121017,0.12023044377565384,0.09351419657468796
168,0.015579492319934293,0.012737708166241646,0.11286145448684692,0.08986656367778778,0.01512572884883116,0.012287512421607971,0.1108490526676178,0.08613993972539902
169,0.015463488972505459,0.012623817659914494,0.11235576122999191,0.0896066352725029,0.016860926463430813,0.014037774875760078,0.1184811145067215,0.09526953846216202
170,0.015743812374702067,0.012909852899610996,0.1136215329170227,0.09047910571098328,0.015069152451395727,0.01225069910287857,0.11068287491798401,0.0871913731098175
171,0.015595435228596787,0.012763835489749908,0.11297714710235596,0.08984482288360596,0.015044972994456104,0.012222685851156712,0.11055625975131989,0.08871882408857346
172,0.01565969013059292,0.012840417213737965,0.11331556737422943,0.08998657763004303,0.015863686332664714,0.013051140122115612,0.1142415851354599,0.09059371054172516
173,0.015624656321472672,0.012811797671020031,0.1131892129778862,0.0900045782327652,0.01569848180878587,0.01286143995821476,0.11340828984975815,0.09195627272129059
174,0.015481473927964874,0.01267950888723135,0.1126033216714859,0.08957594633102417,0.016514426468647554,0.013703419826924801,0.11706160753965378,0.09032216668128967
175,0.015373566543453095,0.012578404508531094,0.11215348541736603,0.08926565945148468,0.015494623166673323,0.012710503302514553,0.11274086683988571,0.08980154246091843
176,0.015433796935257505,0.012637734413146973,0.11241767555475235,0.0894852727651596,0.016564485267037247,0.01364652719348669,0.11681835353374481,0.09407427906990051
177,0.015623720445889696,0.0128354886546731,0.11329381912946701,0.08998803794384003,0.014676230698346901,0.011891028843820095,0.10904599726200104,0.08642291277647018
178,0.015427269490242672,0.012649963609874249,0.1124720573425293,0.08937947452068329,0.01576661924813308,0.012994696386158466,0.1139942854642868,0.08923528343439102
179,0.01553104937795092,0.012747435830533504,0.11290454119443893,0.08958889544010162,0.015348825430800886,0.012574116699397564,0.11213436722755432,0.0894397646188736
180,0.015372959716918589,0.012606482021510601,0.11227858811616898,0.08953016996383667,0.015674220244525052,0.012910290621221066,0.11362346261739731,0.08778182417154312
181,0.015314535812145712,0.012552390806376934,0.11203745007514954,0.08910143375396729,0.014895026605962371,0.012133467011153698,0.11015202105045319,0.08762295544147491
182,0.015716852439867826,0.012940115295350552,0.11375463008880615,0.09042326360940933,0.014609863769178059,0.011864004656672478,0.10892201215028763,0.08718568086624146
183,0.01533127620126031,0.012581516988575459,0.1121673583984375,0.0889836922287941,0.015452089817302317,0.012677825056016445,0.11259584873914719,0.08745615184307098
184,0.015337013361864493,0.012580961920320988,0.11216488480567932,0.08913308382034302,0.015406617481096023,0.012664386071264744,0.11253615468740463,0.08928272873163223
185,0.01538994126752311,0.012636814266443253,0.11241358518600464,0.08963955193758011,0.018192617451304755,0.015444424003362656,0.12427559494972229,0.09832803905010223
186,0.015561532777021913,0.012802946381270885,0.11315010488033295,0.0900936871767044,0.01453145920541607,0.011797460727393627,0.10861611366271973,0.08643517643213272
187,0.015350558885222985,0.012613873928785324,0.11231150478124619,0.0891910120844841,0.014687708342353216,0.01197347417473793,0.10942336916923523,0.08606978505849838
188,0.015436702291248274,0.012699926272034645,0.11269395053386688,0.08967786282300949,0.015187406273675756,0.012459993362426758,0.1116243377327919,0.09003318101167679
189,0.015276817884035305,0.012545856647193432,0.11200828850269318,0.08904150128364563,0.017623166126587025,0.014875955879688263,0.12196702510118484,0.09696124494075775
190,0.015449639952399818,0.012705057859420776,0.11271671205759048,0.08954700827598572,0.015779847616837376,0.013036631047725677,0.11417806893587112,0.09263906627893448
191,0.015305980616638593,0.01258047204464674,0.11216270178556442,0.0889652892947197,0.015117136165261173,0.012407752685248852,0.11139009147882462,0.08982321619987488
192,0.015485488673617669,0.012759129516780376,0.11295631527900696,0.089753158390522,0.014793451598921075,0.012065927498042583,0.10984501242637634,0.08737924695014954
193,0.015317004715122666,0.012598441913723946,0.11224278062582016,0.08919382840394974,0.016419242998557525,0.013715511187911034,0.11711324006319046,0.09395937621593475
194,0.015046925204588012,0.012339883483946323,0.11108502745628357,0.08854590356349945,0.015058057814264069,0.012350006029009819,0.11113058030605316,0.08932628482580185
195,0.015735541340656856,0.013006163761019707,0.11404456943273544,0.09050253033638,0.015916666577608526,0.01321208756417036,0.11494384706020355,0.09146977216005325
196,0.015274294357256395,0.012574261985719204,0.11213501542806625,0.08964508771896362,0.014418735352604567,0.011704460717737675,0.10818715393543243,0.08585201948881149
197,0.015211940681164552,0.012503128498792648,0.1118173897266388,0.08881983906030655,0.015190086210844946,0.01249620970338583,0.11178644746541977,0.08858198672533035
198,0.015271961574210506,0.012577111832797527,0.1121477261185646,0.08919578045606613,0.014602520245583166,0.011899088509380817,0.10908294469118118,0.08745958656072617
199,0.01529634182675689,0.012597913853824139,0.11224042624235153,0.08943653851747513,0.01505000307997998,0.012318817898631096,0.11099016666412354,0.08774884045124054
200,0.015394711987349857,0.012701970525085926,0.11270301789045334,0.08947865664958954,0.015422036030365913,0.012742207385599613,0.1128813847899437,0.08905541151762009
201,0.015101175773150923,0.012422042898833752,0.11145421862602234,0.08863507211208344,0.01627948282718086,0.013611569069325924,0.11666862666606903,0.0951104536652565
202,0.015252366479040503,0.012563834898173809,0.11208851635456085,0.08910363167524338,0.016327310474265236,0.013677677139639854,0.1169515997171402,0.09444708377122879
203,0.015158861906093661,0.012490334920585155,0.11176016926765442,0.0888054147362709,0.016656042066584973,0.014008779078722,0.11835868656635284,0.09641895443201065
204,0.015083703086847493,0.012417646124958992,0.11143448948860168,0.08865926414728165,0.015356941721817645,0.012706004083156586,0.11272091418504715,0.08960801362991333
205,0.015116880698149659,0.012454688549041748,0.11160057783126831,0.08876821398735046,0.02222589348700373,0.0195566825568676,0.13984520733356476,0.10940826684236526
206,0.015407663279948304,0.012750918045639992,0.11291996389627457,0.08979704976081848,0.016628543881713604,0.013983187265694141,0.1182505264878273,0.09611809998750687
207,0.015083560510641005,0.012436128221452236,0.11151739209890366,0.08870775252580643,0.015144201938812735,0.012487386353313923,0.11174697428941727,0.08649762719869614
208,0.015092127233081792,0.012441438622772694,0.11154119670391083,0.0887872502207756,0.017723150087707563,0.015084135346114635,0.12281748652458191,0.09972073137760162
209,0.015309456742184908,0.01266864687204361,0.11255508661270142,0.08938095718622208,0.015036825831903487,0.012398493476212025,0.11134852468967438,0.08858239650726318
210,0.014869795639623923,0.012238596566021442,0.11062818765640259,0.08792268484830856,0.014506924287730955,0.011876448057591915,0.10897912085056305,0.08701504021883011
211,0.01500147717500649,0.012362193316221237,0.11118540167808533,0.08838778734207153,0.014967729190678274,0.012360788881778717,0.11117908358573914,0.08884827792644501
212,0.015075481253392508,0.012456266209483147,0.1116076409816742,0.08884057402610779,0.014593531079098386,0.011977938003838062,0.1094437688589096,0.08768842369318008
213,0.015096711653734551,0.012481012381613255,0.11171845346689224,0.08901584893465042,0.015850063814755892,0.013228551484644413,0.1150154396891594,0.08933799713850021
214,0.015088511892885459,0.012471352703869343,0.1116752102971077,0.08899276703596115,0.014514588067034522,0.011906194500625134,0.10911551117897034,0.0860287994146347
215,0.014887599690424866,0.012287098914384842,0.11084719002246857,0.08819502592086792,0.01639369125364303,0.013812010176479816,0.11752451211214066,0.09558481723070145
216,0.015218095798768393,0.012603264302015305,0.11226426064968109,0.0892333984375,0.01520488304937599,0.012612704187631607,0.11230629682540894,0.08696971833705902
217,0.014960921076940699,0.012373150326311588,0.11123466491699219,0.08844859898090363,0.014972856069649277,0.0124009158462286,0.11135940253734589,0.08828301727771759
218,0.015252455410843089,0.012652100995182991,0.11248155683279037,0.08934348821640015,0.014883452388389009,0.01230893936008215,0.11094565689563751,0.08907076716423035
219,0.015077033178920314,0.01250280812382698,0.11181595921516418,0.08901359140872955,0.014820367802961582,0.012230699881911278,0.11059249192476273,0.08818003535270691
220,0.015149683926721103,0.012564380653202534,0.11209094524383545,0.08922815322875977,0.015460137096720011,0.012882065959274769,0.11349918693304062,0.08993939310312271
221,0.0151857215618225,0.012615678831934929,0.11231953650712967,0.08933323621749878,0.01691837474883047,0.014355424791574478,0.11981412768363953,0.09412319958209991
222,0.015018988275477867,0.012441867031157017,0.11154311895370483,0.08881239593029022,0.014671889269033542,0.012090740725398064,0.10995790362358093,0.08621536195278168
223,0.01495746034262728,0.012388037517666817,0.11130156368017197,0.0884694904088974,0.014607701956310502,0.012052318081259727,0.10978305339813232,0.08741085231304169
224,0.01489540387024017,0.012340706773102283,0.11108873039484024,0.0885021761059761,0.015758415254778793,0.013203668408095837,0.11490722000598907,0.09197670221328735
225,0.015029011575617686,0.012466841377317905,0.11165501177310944,0.0888981819152832,0.015040255255293565,0.012488562613725662,0.1117522343993187,0.08841660618782043
226,0.014962353835664258,0.012396841309964657,0.11134110391139984,0.08865714818239212,0.014687040554625648,0.012140242382884026,0.11018276959657669,0.08808772265911102
227,0.015214477921752225,0.01264254841953516,0.11243908852338791,0.08947014808654785,0.014866893814758165,0.012317083775997162,0.11098235845565796,0.08666256070137024
228,0.014900599287695387,0.012355990707874298,0.11115750670433044,0.08849560469388962,0.015120133440069506,0.012570710852742195,0.11211918294429779,0.09085261821746826
229,0.01511349416553688,0.01256119180470705,0.11207672208547592,0.0890292078256607,0.014485380236281544,0.011937041766941547,0.10925676673650742,0.0878075659275055
230,0.014845614257056553,0.012304536066949368,0.1109258159995079,0.08827292919158936,0.014613054950265776,0.012055757455527782,0.10979871451854706,0.08633968234062195
231,0.015047555157289404,0.012493886984884739,0.11177605390548706,0.08876282721757889,0.014599553129004808,0.012056517414748669,0.10980217158794403,0.08615537732839584
232,0.014935453737280568,0.012397577054798603,0.11134440451860428,0.08863350749015808,0.01671666584434916,0.014172971248626709,0.1190502867102623,0.09731177985668182
233,0.015042458630713667,0.012489727698266506,0.11175744980573654,0.08907356858253479,0.016020036857424615,0.013473902828991413,0.11607713997364044,0.09225711226463318
234,0.015157610208553378,0.01260897982865572,0.11228971183300018,0.08933734893798828,0.014931463213468275,0.012395160272717476,0.11133355647325516,0.08942598104476929
235,0.0150319632081663,0.012496380135416985,0.11178720742464066,0.08883891254663467,0.017521339338593313,0.014989531598985195,0.12243174016475677,0.0994553416967392
236,0.014852457486388205,0.01231919415295124,0.11099186539649963,0.08827672153711319,0.015672020654023743,0.01310758851468563,0.1144883781671524,0.08930329233407974
237,0.015052753858784048,0.012506729923188686,0.11183349043130875,0.08897983282804489,0.017096124823485055,0.014521252363920212,0.12050415575504303,0.09651840478181839
238,0.015196196387569253,0.012659427709877491,0.11251412332057953,0.08963534981012344,0.014558979614573319,0.012028167024254799,0.10967300087213516,0.08741196990013123
239,0.01489710380562118,0.012355717830359936,0.11115627735853195,0.08833315968513489,0.014666740466155211,0.012127022258937359,0.11012276262044907,0.08628001809120178
240,0.01480846162348771,0.012274086475372314,0.11078847944736481,0.08811172097921371,0.015030885902734674,0.012502173893153667,0.11181312054395676,0.08935839682817459
241,0.014625301451927999,0.012101649306714535,0.11000749468803406,0.08746001124382019,0.017109676594046556,0.014604643918573856,0.12084967643022537,0.09786714613437653
242,0.014974245245532305,0.012445676140487194,0.11156018823385239,0.08851724117994308,0.015569541823206877,0.01304966863244772,0.11423514783382416,0.09299508482217789
243,0.014820668249338472,0.012300427071750164,0.11090729385614395,0.08821576833724976,0.017097556101931196,0.014568897895514965,0.12070169299840927,0.09726086258888245
244,0.015008406189246839,0.012484142556786537,0.11173246055841446,0.08898196369409561,0.016572236443827656,0.01404961571097374,0.11853107810020447,0.09594688564538956
245,0.015062485868502565,0.012530454434454441,0.11193951219320297,0.08925605565309525,0.015659960880488002,0.013134361244738102,0.11460524052381516,0.09189820289611816
246,0.01508324266653232,0.012560896575450897,0.11207540333271027,0.08931650966405869,0.014273790975420678,0.01175690721720457,0.10842927545309067,0.0859973132610321
247,0.015101420919315106,0.012574956752359867,0.11213811486959457,0.08913181722164154,0.015745074987238577,0.013229594565927982,0.11501997709274292,0.09222213923931122
248,0.015271462524692123,0.012741290032863617,0.11287732422351837,0.08958612382411957,0.014473354128622063,0.01195711549371481,0.1093485951423645,0.08582417666912079
249,0.015252362457471115,0.012725813314318657,0.11280874907970428,0.08975209295749664,0.016208310620117634,0.013674681074917316,0.11693879216909409,0.09474913030862808
250,0.014882752656185326,0.012357529252767563,0.11116442084312439,0.08828958123922348,0.01730543216179852,0.014775899238884449,0.12155615538358688,0.09890807420015335
251,0.01463463697500494,0.012110169045627117,0.11004621535539627,0.08753952383995056,0.01688887341534581,0.014375513419508934,0.11989793181419373,0.09528849273920059
252,0.01519163040404751,0.012657161802053452,0.11250405013561249,0.08956161886453629,0.016369145470900553,0.01386331021785736,0.11774256080389023,0.09424804896116257
253,0.015016517034318505,0.012493372894823551,0.11177375912666321,0.08880113065242767,0.014483140211324302,0.011946987360715866,0.10930227488279343,0.08822646737098694
254,0.014969070200525484,0.01245038490742445,0.11158129572868347,0.08871084451675415,0.01575702039630008,0.013252160511910915,0.11511802673339844,0.09084807336330414
255,0.014917005018956092,0.012394864112138748,0.11133222281932831,0.08845284581184387,0.01566271867887044,0.013152452185750008,0.11468414217233658,0.08926630765199661
256,0.014987422136210498,0.012462791055440903,0.11163686960935593,0.08880447596311569,0.015109842615936245,0.012592503800988197,0.11221632361412048,0.0868750736117363
257,0.015032168242241106,0.012508622370660305,0.11184195429086685,0.08895642310380936,0.01427255669089199,0.011720000766217709,0.10825895518064499,0.08589603751897812
258,0.014820245934241102,0.012311906553804874,0.11095903068780899,0.08824849128723145,0.015708511553275413,0.013185118325054646,0.11482647061347961,0.08968955278396606
259,0.015048173506285439,0.012533441185951233,0.11195285618305206,0.08910198509693146,0.014733334693933973,0.012229070998728275,0.11058513075113297,0.08934669941663742
260,0.014946639218053469,0.012438258156180382,0.11152693629264832,0.08885837346315384,0.014847031930515937,0.012332702055573463,0.11105269938707352,0.08822695165872574
261,0.014858316610745784,0.012344509363174438,0.11110584437847137,0.08825963735580444,0.014500956739388069,0.01200114842504263,0.10954975336790085,0.0878177061676979
262,0.014967503787136498,0.012459329329431057,0.11162136495113373,0.0887778252363205,0.014625264019021492,0.012114585377275944,0.11006627976894379,0.08579858392477036
263,0.014868468644709384,0.012358413077890873,0.11116839945316315,0.08845861256122589,0.01562308787214322,0.013122666627168655,0.11455421149730682,0.09307650476694107
264,0.015066359865562278,0.01255706511437893,0.11205831170082092,0.08931467682123184,0.01475513774846472,0.012254733592271805,0.11070109903812408,0.08779847621917725
265,0.014985977565827204,0.01248080376535654,0.11171751469373703,0.08894160389900208,0.014239861993264465,0.011719091795384884,0.10825475305318832,0.08607379347085953
266,0.014913703472230162,0.012403341941535473,0.11137029528617859,0.0886186882853508,0.01680898610852799,0.014316007494926453,0.11964952200651169,0.09595923870801926
267,0.014980719485530715,0.012462147511541843,0.11163398623466492,0.08872425556182861,0.015375244266101245,0.012882956303656101,0.1135031133890152,0.0886484906077385
268,0.014964110119228794,0.012464595027267933,0.11164495348930359,0.08890830725431442,0.014897006371913074,0.012395777739584446,0.11133632808923721,0.08670525252819061
269,0.01502410717988286,0.012513961642980576,0.1118658185005188,0.0890519917011261,0.01821225614291804,0.015721263363957405,0.12538446485996246,0.10266049951314926
270,0.01518252270132983,0.012673941440880299,0.11257860064506531,0.08959382027387619,0.01620006920969566,0.013706006109714508,0.11707265675067902,0.09147653728723526
271,0.014757005797819096,0.012257064692676067,0.11071162670850754,0.08802945166826248,0.015516445998112862,0.013029033318161964,0.11414479464292526,0.09188432991504669
272,0.014964373964516699,0.012456675991415977,0.11160948127508163,0.08885472267866135,0.014495408509065267,0.011986958794295788,0.1094849705696106,0.08715009689331055
273,0.015013712310359304,0.012506935745477676,0.11183441430330276,0.08896685391664505,0.014819481959040998,0.012307641096413136,0.11093980818986893,0.08839666843414307
274,0.015051732348108969,0.012552864849567413,0.11203956604003906,0.08895792812108994,0.015360375840951797,0.012863175943493843,0.11341594159603119,0.0889115259051323
275,0.014901001041023886,0.012400161474943161,0.11135601252317429,0.08860711008310318,0.014356195051990756,0.01186397299170494,0.10892186313867569,0.08609112352132797
276,0.015090106286200918,0.012579280883073807,0.11215739697217941,0.08893066644668579,0.014482027847691028,0.011980481445789337,0.10945538431406021,0.08711507171392441
277,0.015024549635995527,0.01251659169793129,0.11187757551670074,0.08901303261518478,0.014418277087486855,0.011916281655430794,0.10916171967983246,0.08707956224679947
278,0.015055940675065846,0.012556283734738827,0.11205482482910156,0.08906996995210648,0.014829870463222587,0.012332307174801826,0.11105091869831085,0.08772491663694382
279,0.014795993748052018,0.01230268832296133,0.11091748625040054,0.08811327815055847,0.016049973981767274,0.013543995097279549,0.11637867242097855,0.09093653410673141
280,0.014839430390691319,0.012347052805125713,0.11111729592084885,0.08835412561893463,0.01990487582746054,0.017403578385710716,0.1319226175546646,0.10682360082864761
281,0.01521620667856686,0.012710928916931152,0.11274275183677673,0.08973383903503418,0.01505876694168268,0.012568601407110691,0.11210977286100388,0.09052987396717072
282,0.014856716828877662,0.012366095557808876,0.11120294779539108,0.08849837630987167,0.015601888807321272,0.013104193843901157,0.11447355151176453,0.09239411354064941
283,0.014841382963811697,0.01234941091388464,0.11112790554761887,0.08851009607315063,0.019225252712486075,0.016739992424845695,0.1293831169605255,0.10657302290201187
284,0.015176303833782696,0.012682860717177391,0.11261820793151855,0.08948993682861328,0.015002803594878718,0.012520485557615757,0.11189497262239456,0.08695552498102188
285,0.014791884779685637,0.012308254837989807,0.11094257235527039,0.08799766004085541,0.01605865046405802,0.013583855703473091,0.11654979735612869,0.0935739204287529
286,0.01482796105293452,0.012349572964012623,0.11112863570451736,0.08851278573274612,0.015088372487796932,0.012590466998517513,0.11220724880695343,0.09075148403644562
287,0.015024633396144103,0.01252844650298357,0.11193054169416428,0.08916221559047699,0.015529628160322795,0.013037746772170067,0.1141829565167427,0.09187887609004974
288,0.014828761496550205,0.012351125478744507,0.11113561689853668,0.08839094638824463,0.01609431170359427,0.013621870428323746,0.1167127713561058,0.09511703252792358
289,0.014941415901915604,0.012460748665034771,0.1116277202963829,0.08873672783374786,0.017139279063330407,0.01467382162809372,0.12113554775714874,0.09913438558578491
290,0.01495959550863793,0.012478061020374298,0.1117052435874939,0.08893444389104843,0.014530536028094032,0.01201158482581377,0.10959737747907639,0.08653927594423294
291,0.014937544430122704,0.01245863363146782,0.11161825060844421,0.08887306600809097,0.014652226758258445,0.012179560959339142,0.11036104708909988,0.08751136809587479
292,0.014863685830360225,0.012391963973641396,0.11131919920444489,0.08845164626836777,0.01586277129910454,0.01338427048176527,0.11569041013717651,0.09141436964273453
293,0.01520686474915336,0.012717999517917633,0.11277411133050919,0.0898510217666626,0.015970462351804878,0.013487685471773148,0.11613649129867554,0.09447617828845978
294,0.014900961153659405,0.012429330497980118,0.11148690432310104,0.08857148885726929,0.01459549945600632,0.012121599167585373,0.11009813100099564,0.08622810989618301
295,0.014849368081826504,0.012372313067317009,0.11123090237379074,0.08847355842590332,0.01627324742614245,0.013787486590445042,0.11742012947797775,0.0913657695055008
296,0.01493837942286175,0.0124561982229352,0.11160734295845032,0.0888204425573349,0.018138197804091215,0.015575027093291283,0.1247999519109726,0.10172969102859497
297,0.014868636835827117,0.012394845485687256,0.11133214086294174,0.08859822899103165,0.014257164226666766,0.011780822649598122,0.10853949934244156,0.08588951081037521
298,0.014785259328529138,0.01231330819427967,0.11096534878015518,0.08809822052717209,0.015140932241157323,0.012670566327869892,0.1125636100769043,0.09077227115631104
299,0.014904563270491354,0.012432815507054329,0.11150253564119339,0.0884888619184494,0.014767529588996195,0.012193121947348118,0.11042246967554092,0.0888361781835556
300,0.01494494118034935,0.012467841617763042,0.11165948957204819,0.08860230445861816,0.015131289890709044,0.012676646001636982,0.11259061098098755,0.0893460363149643
301,0.015037317739046064,0.012572957202792168,0.11212919652462006,0.08916296809911728,0.014440467228599433,0.011969847604632378,0.10940679907798767,0.08751241862773895
302,0.01487189941123134,0.012404593639075756,0.11137591302394867,0.08836730569601059,0.01529339667396242,0.012839759700000286,0.11331266164779663,0.09185085445642471
303,0.015062882196383269,0.012588686309754848,0.1121993139386177,0.08926855772733688,0.018549699221039658,0.016090650111436844,0.12684892117977142,0.09935478866100311
304,0.01504266907234772,0.012572787702083588,0.11212844401597977,0.08954721689224243,0.016302139092446946,0.013852127827703953,0.11769506335258484,0.09428400546312332
305,0.015221068707882476,0.01273070927709341,0.11283044517040253,0.08987615257501602,0.017040559451799005,0.014554956927895546,0.12064392864704132,0.0991305410861969
306,0.014712402241534831,0.01224587857723236,0.1106610968708992,0.0878937765955925,0.014936778233761118,0.012462135404348373,0.11163393408060074,0.09025143086910248
307,0.014983490292428613,0.012520769611001015,0.11189624667167664,0.08903034031391144,0.015768334847920035,0.013284185901284218,0.11525703966617584,0.09348560869693756
308,0.014953420190017622,0.012470941059291363,0.11167337000370026,0.08863653987646103,0.014785737943361882,0.012329565361142159,0.11103857308626175,0.08914772421121597
309,0.014694498023804592,0.012236867100000381,0.11062037199735641,0.08817839622497559,0.01692791221228813,0.014470735564827919,0.12029436975717545,0.09432558715343475
310,0.014911594622138263,0.01244587916880846,0.11156109720468521,0.08886240422725677,0.014582111286659058,0.012138786725699902,0.11017616093158722,0.08833274245262146
311,0.015046459121801773,0.012575044296681881,0.11213850229978561,0.08930297195911407,0.015287252187001414,0.01283721812069416,0.11330144852399826,0.08985458314418793
312,0.014916832595705844,0.012462249957025051,0.11163444817066193,0.08871696144342422,0.014865501072345709,0.01242788601666689,0.11148042976856232,0.08981118351221085
313,0.014895792102434484,0.012440350838005543,0.11153632402420044,0.08880385756492615,0.014222968640286668,0.011752608232200146,0.10840944945812225,0.08574200421571732
314,0.01488952926520695,0.012425296939909458,0.11146881431341171,0.0886203870177269,0.015711263890991978,0.013241301290690899,0.11507084965705872,0.08883699029684067
315,0.015203407550064408,0.012736963108181953,0.11285815387964249,0.0896492600440979,0.01599557327554554,0.01354337390512228,0.11637600511312485,0.09190398454666138
316,0.014786959599693115,0.012336749583482742,0.11107092350721359,0.08837119489908218,0.01579825530777506,0.013346775434911251,0.11552824825048447,0.09409302473068237
317,0.014817133498172753,0.012361983768641949,0.11118445545434952,0.08839739859104156,0.015914816676000622,0.013424442149698734,0.11586389690637589,0.09014701843261719
318,0.014840067087375626,0.012387901544570923,0.11130095273256302,0.08851056545972824,0.015193866408553396,0.012736087664961815,0.11285427957773209,0.09147518873214722
319,0.01498417421674528,0.012527575716376305,0.11192665249109268,0.08917028456926346,0.014575318114704588,0.012112211436033249,0.11005549132823944,0.08848526328802109
320,0.014895583388536107,0.012443743646144867,0.11155153065919876,0.08863259851932526,0.015641982708515384,0.013187252916395664,0.11483576148748398,0.09339100867509842
321,0.015135566466206573,0.01268183533102274,0.11261365562677383,0.08972350507974625,0.014190267364890659,0.011739145033061504,0.1083473339676857,0.08614710718393326
322,0.014803486424876527,0.012357623316347599,0.11116484552621841,0.08837663382291794,0.015059611505540717,0.012620175257325172,0.1123395562171936,0.08983421325683594
323,0.014776514968326111,0.012335370294749737,0.11106470972299576,0.08841955661773682,0.014343164063298426,0.011901558376848698,0.10909426212310791,0.08641298115253448
324,0.015185182473259647,0.012725620530545712,0.11280789226293564,0.08949168771505356,0.015493768522618006,0.013053260743618011,0.11425086855888367,0.08969603478908539
325,0.014906005295855897,0.012462247163057327,0.11163443326950073,0.08867709338665009,0.014404763134808337,0.011967289261519909,0.1093951091170311,0.08578917384147644
326,0.014992383221129314,0.012538891285657883,0.11197718977928162,0.08895649760961533,0.01461254507183981,0.012179609388113022,0.11036127060651779,0.08834174275398254
327,0.015015545615306995,0.012567400932312012,0.11210442334413528,0.08898190408945084,0.014814211092904216,0.012348291464149952,0.11112286895513535,0.08787471055984497
328,0.015041433938858317,0.012592253275215626,0.11221520602703094,0.08922599256038666,0.015857534991408073,0.013397453352808952,0.11574736982584,0.09269409626722336
329,0.015094266696816303,0.012634861283004284,0.11240489780902863,0.089353546500206,0.014848980672505438,0.012402145192027092,0.11136491596698761,0.09007173776626587
330,0.015060005897358685,0.01260394137352705,0.11226727813482285,0.08934294432401657,0.016590037349225425,0.01413480844348669,0.11888989806175232,0.09405329823493958
331,0.015034431895735313,0.012571784667670727,0.11212397366762161,0.08916238695383072,0.01431863639532041,0.01185180526226759,0.10886599868535995,0.08706459403038025
332,0.014883530004566409,0.012432055547833443,0.1114991307258606,0.08873620629310608,0.017641911510469056,0.015179043635725975,0.12320326268672943,0.0968518927693367
333,0.014737851951284712,0.012290281243622303,0.11086153984069824,0.0881277546286583,0.014901382446500744,0.012460765428841114,0.11162780225276947,0.08803974092006683
334,0.015266417921865496,0.012806621380150318,0.11316634714603424,0.09013720601797104,0.014352723443303026,0.011917226947844028,0.10916604846715927,0.08583121746778488
335,0.014723683373869157,0.012283183634281158,0.11082952469587326,0.08803661167621613,0.01540794050028058,0.01297683548182249,0.11391591280698776,0.08856537938117981
336,0.014582997481642412,0.012149527668952942,0.1102248951792717,0.0876384973526001,0.014599640490341874,0.012171904556453228,0.1103263571858406,0.08599982410669327
337,0.014996592673946735,0.012548262253403664,0.11201902478933334,0.08895736932754517,0.015082598622499251,0.012657802551984787,0.11250690370798111,0.0909416526556015
338,0.01496820012796946,0.012532379478216171,0.11194811016321182,0.08908793330192566,0.014754896518402024,0.012319969944655895,0.11099535971879959,0.08992656320333481
339,0.014942128414742085,0.012498763389885426,0.11179786920547485,0.0887952521443367,0.01436446088121361,0.011915387585759163,0.10915762931108475,0.0858672484755516
340,0.014854522189404928,0.012421142309904099,0.1114501804113388,0.08857271820306778,0.01657856694374587,0.014146544970571995,0.11893925070762634,0.0926642119884491
341,0.014842727638575352,0.012413485907018185,0.11141582578420639,0.08865291625261307,0.014543232733473964,0.012102332897484303,0.11001060158014297,0.087948277592659
342,0.01492842029938165,0.012492061592638493,0.11176788806915283,0.08910426497459412,0.014156939395490576,0.011738447472453117,0.10834411531686783,0.08650046586990356
343,0.014666065991464474,0.01223699003458023,0.11062093079090118,0.08808430284261703,0.014511417707099634,0.012097882106900215,0.10999037325382233,0.08812583237886429
344,0.014633112172243976,0.012209691107273102,0.11049747467041016,0.08799295127391815,0.014811502677910612,0.012384848669171333,0.11128723621368408,0.090102419257164
345,0.015062241067065626,0.012633727863430977,0.11239985376596451,0.08923929929733276,0.01807845224842143,0.01564737595617771,0.12508946657180786,0.09900113940238953
346,0.01465688936901288,0.012243463657796383,0.1106501892209053,0.088033027946949,0.01817356387139106,0.015753189101815224,0.12551170587539673,0.09834939986467361
347,0.014850417450189638,0.012433258816599846,0.11150452494621277,0.08868183195590973,0.01548077300505466,0.013069252483546734,0.11432082951068878,0.09133058786392212
348,0.014702857511506386,0.012291933409869671,0.11086899042129517,0.08817842602729797,0.01611156826194118,0.013660531491041183,0.11687827855348587,0.09247640520334244
349,0.01481658920665093,0.012400314211845398,0.1113566979765892,0.08847568929195404,0.014959709373723512,0.01255419384688139,0.11204549670219421,0.09045974165201187
350,0.014763649000751587,0.012360689230263233,0.11117863655090332,0.08835271745920181,0.014627398872355214,0.012230525724589825,0.11059170961380005,0.08866400271654129
351,0.014928082253138462,0.012506000697612762,0.11183023452758789,0.088978111743927,0.015066913882491826,0.012662559747695923,0.11252804100513458,0.08903501182794571
352,0.014882553585705494,0.012476976029574871,0.1117003858089447,0.08874338865280151,0.016382607366411197,0.013950366526842117,0.11811167001724243,0.09546603262424469
353,0.015027955376437637,0.012611990794539452,0.11230312287807465,0.08930818736553192,0.015788578382488632,0.013368573971092701,0.11562255024909973,0.09446970373392105
354,0.014905697040382077,0.012495508417487144,0.11178331077098846,0.08883563429117203,0.0174475551783001,0.015022791922092438,0.12256749719381332,0.09693792462348938
355,0.015169396607794849,0.012739807367324829,0.11287075281143188,0.08974910527467728,0.01453975185590918,0.012112370692193508,0.11005621403455734,0.08618060499429703
356,0.014799046818734932,0.012386142276227474,0.11129304766654968,0.08853229135274887,0.014592563086489336,0.012194025330245495,0.11042656004428864,0.088605135679245
357,0.01477957784118844,0.012369152158498764,0.11121668666601181,0.08867249637842178,0.014943807242380805,0.012518261559307575,0.11188503354787827,0.09053697437047958
358,0.014651509981994488,0.012238465249538422,0.11062759906053543,0.08810853213071823,0.014488130464267378,0.012089289724826813,0.10995130985975266,0.08871239423751831
359,0.01488216327322202,0.012462261132895947,0.1116345003247261,0.08883319795131683,0.015127588743243325,0.012721695937216282,0.11279049515724182,0.09054400771856308
360,0.0149022140184275,0.012489570304751396,0.11175674945116043,0.08890259265899658,0.014538664630159182,0.012105449102818966,0.11002476513385773,0.0878419503569603
361,0.0146591966090744,0.012259085662662983,0.11072075366973877,0.08815225958824158,0.01729487380174612,0.014890001155436039,0.12202459573745728,0.0941094383597374
362,0.01493580632355987,0.01252562552690506,0.11191794276237488,0.08906509727239609,0.014466075310144438,0.012063178233802319,0.10983250290155411,0.08777065575122833
363,0.01482789834425384,0.012417808175086975,0.11143521964550018,0.088827945291996,0.016524152648376197,0.014110211282968521,0.11878640949726105,0.09613770991563797
364,0.014744154470903771,0.012345420196652412,0.11110994964838028,0.08823687583208084,0.01474805058715414,0.012358327396214008,0.1111680120229721,0.08986667543649673
365,0.014795910124117288,0.012392130680382252,0.11131994426250458,0.0886978730559349,0.017231227545326307,0.014839213341474533,0.12181630730628967,0.0978684052824974
366,0.014807401538765778,0.012409292161464691,0.11139700561761856,0.08851519972085953,0.01471516631898426,0.012319080531597137,0.11099135130643845,0.08949930965900421
367,0.014833952660257575,0.012434404343366623,0.11150965839624405,0.088721863925457,0.015164743388155882,0.012782773934304714,0.11306092888116837,0.0904788225889206
368,0.014711894816448804,0.012315587140619755,0.11097561568021774,0.08808711916208267,0.01480388275312991,0.012419459410011768,0.11144262552261353,0.08757266402244568
369,0.014987207743443217,0.012593688443303108,0.1122216060757637,0.0891985297203064,0.016045669656471997,0.013560465537011623,0.11644940823316574,0.09089567512273788
370,0.014767423089520604,0.012371789664030075,0.11122854799032211,0.0886678695678711,0.014658399958576427,0.012270108796656132,0.11077052354812622,0.08918249607086182
371,0.014905642678200149,0.012508944608271122,0.11184339225292206,0.08881522715091705,0.014853622153156897,0.01242891512811184,0.11148504167795181,0.08994464576244354
372,0.01474965810209286,0.012359236367046833,0.11117210239171982,0.08843843638896942,0.01608468323205115,0.013673611916601658,0.11693421751260757,0.09202086180448532
373,0.014609234431395534,0.012217748910188675,0.11053392291069031,0.08793583512306213,0.015601299391562292,0.013213674537837505,0.1149507462978363,0.09368634223937988
374,0.014761380713377872,0.0123720932751894,0.11122991144657135,0.08851282298564911,0.014503870566352075,0.012119951657950878,0.11009065061807632,0.08847445994615555
375,0.014647793191738156,0.012261521071195602,0.11073175072669983,0.08803007006645203,0.015881022369834175,0.013440812937915325,0.11593452095985413,0.09354198724031448
376,0.014718032460294518,0.012339714914560318,0.11108426749706268,0.08854517340660095,0.014772276923644776,0.012398984283208847,0.11135073006153107,0.08952981233596802
377,0.014919427865627957,0.012531006708741188,0.11194197833538055,0.08901657909154892,0.0187159868075746,0.016264967620372772,0.1275341808795929,0.10267239063978195
378,0.014920808512772641,0.012536441907286644,0.11196625232696533,0.0891616940498352,0.01594707478179174,0.01356434728950262,0.11646607518196106,0.09333503246307373
379,0.014843743723802635,0.012462041340768337,0.11163351684808731,0.08881637454032898,0.015169263501711586,0.012788265943527222,0.11308521777391434,0.09179675579071045
380,0.014857673934814023,0.012476138770580292,0.11169663816690445,0.08889482170343399,0.015083227627107553,0.012707824818789959,0.11272899061441422,0.08970125764608383
381,0.01472598988310892,0.012340388260781765,0.11108729988336563,0.08824389427900314,0.014673918534089633,0.012285549193620682,0.11084019392728806,0.08767282962799072
382,0.01459839437663758,0.012215645052492619,0.11052440851926804,0.08783288300037384,0.01480293125786236,0.012424751184880733,0.11146637052297592,0.08928700536489487
383,0.014668123033337472,0.012290624901652336,0.1108630895614624,0.08808490633964539,0.0164762856591554,0.014110032469034195,0.11878565698862076,0.09691993147134781
384,0.014846761630070643,0.012466099113225937,0.11165168881416321,0.08881618082523346,0.014928838839622535,0.012564362958073616,0.11209087073802948,0.09098488092422485
385,0.014803674218862379,0.012425146996974945,0.11146814376115799,0.08871254324913025,0.01539371402732202,0.013010836206376553,0.11406505107879639,0.0893162414431572
386,0.015054474640287318,0.01267305389046669,0.11257465928792953,0.08946811407804489,0.014965823904818753,0.01254711952060461,0.11201392859220505,0.09007882326841354
387,0.014958542012492148,0.012565603479743004,0.1120963990688324,0.08883336931467056,0.014522203393340134,0.012141440995037556,0.11018820852041245,0.08611805737018585
388,0.014866634019735862,0.012474430724978447,0.111688993871212,0.08888173848390579,0.017971917399529126,0.015599887818098068,0.12489951401948929,0.10196366161108017
389,0.014775829181736972,0.012394252233207226,0.11132947355508804,0.08865699917078018,0.015360910481228835,0.012976845726370811,0.11391595751047134,0.08862382173538208
390,0.014852583315931544,0.012463884428143501,0.1116417646408081,0.08884617686271667,0.022881044442353605,0.02045655995607376,0.1430264264345169,0.11379259824752808
391,0.014999870198960302,0.012618735432624817,0.11233314126729965,0.08934693038463593,0.015472184627407452,0.0130952512845397,0.11443448811769485,0.09102742373943329
392,0.014882945182437704,0.012496383860707283,0.11178722232580185,0.08878295868635178,0.01562408533091901,0.013241239823400974,0.11507058888673782,0.09345518052577972
