0,1
0.02,1.4158
0.03,1.2463
0.04,1.0253
0.05,0.7700899999999999
0.06,0.49928
0.07,0.22514
0.08,-0.026376999999999998
0.09,-0.26923
0.1,-0.48533999999999994
0.11,-0.65433
0.12,-0.77698
0.13,-0.8658799999999999
0.14,-0.9035700000000001
0.15,-0.9029799999999999
0.16,-0.86793
0.17,-0.80501
0.18,-0.72131
0.19,-0.62626
0.2,-0.52665
0.21,-0.42728
0.22,-0.33221999999999996
0.23,-0.24456
0.24,-0.16485
0.25,-0.093485
0.26,-0.028263
0.27,0.034201999999999996
0.28,0.097009
0.29,0.162
0.3,0.23135999999999998
0.31,0.30607
0.32,0.38338
0.33,0.46356
0.34,0.5418
0.35,0.61745
0.36,0.6835600000000001
0.37,0.73605
0.38,0.76815
0.39,0.77347
0.4,0.7480600000000001
0.41,0.69714
0.42,0.60554
0.43,0.47968
0.44,0.31863
0.45,0.13164
0.46,-0.074769
0.47,-0.29295
0.48,-0.51986
0.49,-0.73264
0.5,-0.92627
0.51,-1.0866
0.52,-1.2048
0.53,-1.2792
0.54,-1.2944
0.55,-1.2513
0.56,-1.1565
0.57,-1.01
0.58,-0.8177800000000001
0.59,-0.58619
0.6,-0.32434
0.61,-0.044802999999999996
0.62,0.2411
0.63,0.51968
0.64,0.7774300000000001
0.65,1.0011
0.66,1.1814
0.67,1.3114
0.68,1.3843
0.69,1.4004
0.7,1.3575
0.71,1.263
0.72,1.1174
0.73,0.93014
0.74,0.70925
0.75,0.46446000000000004
0.76,0.20611999999999997
0.77,-0.054983000000000004
0.78,-0.30874
0.79,-0.54585
0.8,-0.7570899999999999
0.81,-0.93489
0.82,-1.0742
0.83,-1.1699
0.84,-1.2207
0.85,-1.227
0.86,-1.1893
0.87,-1.111
0.88,-0.9968100000000001
0.89,-0.8508700000000001
0.9,-0.68002
0.91,-0.48926000000000003
0.92,-0.28547
0.93,-0.074882
0.94,0.13615
0.95,0.34016
0.96,0.53037
0.97,0.70062
0.98,0.84451
0.99,0.95763
1.0,1.0362
1.01,1.0773
1.02,1.0796
1.03,1.0436
1.04,0.9702799999999999
1.05,0.86206
1.06,0.72195
1.07,0.55504
1.08,0.36575
1.09,0.16147999999999998
1.1,-0.051994000000000005
1.11,-0.26616
1.12,-0.47258999999999995
1.13,-0.66288
1.14,-0.8296399999999999
1.15,-0.96472
1.16,-1.0628
1.17,-1.12
1.18,-1.1331
1.19,-1.1028
1.2,-1.0290000000000001
1.21,-0.91619
1.22,-0.7689699999999999
1.23,-0.59319
1.24,-0.39547
1.25,-0.18377000000000002
1.26,0.033819999999999996
1.27,0.24946
1.28,0.45501
1.29,0.64227
1.3,0.80499
1.31,0.93615
1.32,1.0325
1.33,1.0913
1.34,1.1113
1.35,1.0934
1.36,1.0394
1.37,0.95294
1.38,0.8386600000000001
1.39,0.70135
1.4,0.54597
1.41,0.37835
1.42,0.20349
1.43,0.026542000000000003
1.44,-0.14705
1.45,-0.31259000000000003
1.46,-0.46606000000000003
1.47,-0.60316
1.48,-0.72101
1.49,-0.8155
1.5,-0.88513
1.51,-0.92732
1.52,-0.94176
1.53,-0.9284
1.54,-0.8864799999999999
1.55,-0.81697
1.56,-0.72197
1.57,-0.60211
1.58,-0.46003
1.59,-0.29834
1.6,-0.12069
1.61,0.068988
1.62,0.26165
1.63,0.45227
1.64,0.63308
1.65,0.79733
1.66,0.93666
1.67,1.0449
1.68,1.1146
1.69,1.1432
1.7,1.127
1.71,1.0672
1.72,0.9638200000000001
1.73,0.81868
1.74,0.6363300000000001
1.75,0.42207
1.76,0.18362
1.77,-0.06930900000000001
1.78,-0.32636
1.79,-0.58032
1.8,-0.81371
1.81,-1.0183
1.82,-1.183
1.83,-1.3001
1.84,-1.3638
1.85,-1.3711
1.86,-1.3211
1.87,-1.2167
1.88,-1.0628
1.89,-0.86525
1.9,-0.6321
1.91,-0.37346999999999997
1.92,-0.10087
1.93,0.17361
1.94,0.43825
1.95,0.68202
1.96,0.89541
1.97,1.0698
1.98,1.1955
1.99,1.2708
2.0,1.2934
2.01,1.2632
2.02,1.1847
2.03,1.0626
2.04,0.9025799999999999
2.05,0.7142
2.06,0.50538
2.07,0.28558
2.08,0.06287000000000001
2.09,-0.15453
2.1,-0.35773
2.11,-0.5401699999999999
2.12,-0.69622
2.13,-0.82155
2.14,-0.91246
2.15,-0.96903
2.16,-0.9890399999999999
2.17,-0.97526
2.18,-0.9302
2.19,-0.8559100000000001
2.2,-0.75755
2.21,-0.63962
2.22,-0.50613
2.23,-0.36071
2.24,-0.20709
2.25,-0.049549
2.26,0.1089
2.27,0.26409
2.28,0.41303999999999996
2.29,0.55165
2.3,0.67653
2.31,0.78446
2.32,0.8703700000000001
2.33,0.9318200000000001
2.34,0.9673700000000001
2.35,0.97391
2.36,0.95234
2.37,0.9005700000000001
2.38,0.8208799999999999
2.39,0.71333
2.4,0.57895
2.41,0.4213
2.42,0.24428000000000002
2.43,0.052549
2.44,-0.1484
2.45,-0.35197
2.46,-0.55135
2.47,-0.7394
2.48,-0.9055
2.49,-1.0443
2.5,-1.1487
2.51,-1.2141
2.52,-1.2382
2.53,-1.2176
2.54,-1.1541
2.55,-1.0482
2.56,-0.90205
2.57,-0.72041
2.58,-0.50864
2.59,-0.27285
2.6,-0.022039
2.61,0.23523000000000002
2.62,0.48483000000000004
2.63,0.7189300000000001
2.64,0.9256700000000001
2.65,1.0977
2.66,1.2255
2.67,1.3062
2.68,1.3362
2.69,1.3193
2.7,1.2485
2.71,1.1292
2.72,0.95525
2.73,0.75117
2.74,0.52113
2.75,0.25713
2.76,-0.023168
2.77,-0.30585
2.78,-0.58382
2.79,-0.84464
2.8,-1.0775
2.81,-1.2679
2.82,-1.4079
2.83,-1.4965
2.84,-1.5314
2.85,-1.4945
2.86,-1.4056
2.87,-1.2653
2.88,-1.0756
2.89,-0.8399399999999999
2.9,-0.5665399999999999
2.91,-0.27724
2.92,0.03822
2.93,0.35821
2.94,0.66757
2.95,0.95225
2.96,1.2002
2.97,1.3939
2.98,1.5296
2.99,1.6072
3.0,1.6191
3.01,1.5556
3.02,1.4356
3.03,1.2570000000000001
3.04,1.0275
3.05,0.75457
3.06,0.44977
3.07,0.12157000000000001
3.08,-0.21241999999999997
3.09,-0.53475
3.1,-0.8337200000000001
3.11,-1.0938
3.12,-1.3018
3.13,-1.4503
3.14,-1.5316
3.15,-1.5435
3.16,-1.4889
3.17,-1.3691
3.18,-1.1913
3.19,-0.9646100000000001
3.2,-0.6996100000000001
3.21,-0.40821999999999997
3.22,-0.10259000000000001
3.23,0.20594
3.24,0.5
3.25,0.76585
3.26,0.99403
3.27,1.1752
3.28,1.3035
3.29,1.3725
3.3,1.385
3.31,1.3411
3.32,1.2489
3.33,1.1113
3.34,0.9381799999999999
3.35,0.73805
3.36,0.5221100000000001
3.37,0.30018
3.38,0.080202
3.39,-0.12467
3.4,-0.31119
3.41,-0.47439
3.42,-0.60736
3.43,-0.70953
3.44,-0.77761
3.45,-0.8154
3.46,-0.8239700000000001
3.47,-0.80772
3.48,-0.76931
3.49,-0.71306
3.5,-0.6428699999999999
3.51,-0.5624600000000001
3.52,-0.47523999999999994
3.53,-0.38609
3.54,-0.29470999999999997
3.55,-0.20276
3.56,-0.11093
3.57,-0.018354
3.58,0.074849
3.59,0.17167000000000002
3.6,0.26798
3.61,0.35953
3.62,0.45769
3.63,0.5444100000000001
3.64,0.62226
3.65,0.68752
3.66,0.73746
3.67,0.76656
3.68,0.77432
3.69,0.7562300000000001
3.7,0.71222
3.71,0.63973
3.72,0.53395
3.73,0.39824
3.74,0.23779
3.75,0.058672
3.76,-0.13893
3.77,-0.33901
3.78,-0.5382899999999999
3.79,-0.72606
3.8,-0.89464
3.81,-1.0333
3.82,-1.1318
3.83,-1.1853
3.84,-1.1908
3.85,-1.1441
3.86,-1.0487
3.87,-0.90776
3.88,-0.72378
3.89,-0.5052
3.9,-0.26024
3.91,0.0016948
3.92,0.26766
3.93,0.5259699999999999
3.94,0.7643800000000001
3.95,0.97146
3.96,1.1375
3.97,1.2547
3.98,1.318
3.99,1.324
4.0,1.275
4.01,1.17
4.02,1.0170000000000001
4.03,0.82221
4.04,0.59616
4.05,0.34806
4.06,0.088296
4.07,-0.17232999999999998
4.08,-0.42278000000000004
4.09,-0.6547
4.1,-0.85162
4.11,-1.0126
4.12,-1.1301
4.13,-1.2001
4.14,-1.2209
4.15,-1.1926
4.16,-1.1179999999999999
4.17,-1.0011
4.18,-0.84795
4.19,-0.66719
4.2,-0.46526000000000006
4.21,-0.25123
4.22,-0.034187
4.23,0.17909
4.24,0.38079
4.25,0.56462
4.26,0.72427
4.27,0.85493
4.28,0.95329
4.29,1.0151
4.3,1.0417
4.31,1.0296
4.32,0.98255
4.33,0.9020799999999999
4.34,0.7911199999999999
4.35,0.65463
4.36,0.49755
4.37,0.3257
4.38,0.14372000000000001
4.39,-0.040861
4.4,-0.22369
4.41,-0.3983
4.42,-0.55903
4.43,-0.69823
4.44,-0.81312
4.45,-0.8989299999999999
4.46,-0.95347
4.47,-0.9731700000000001
4.48,-0.95731
4.49,-0.9068799999999999
4.5,-0.82332
4.51,-0.70828
4.52,-0.56622
4.53,-0.40231
4.54,-0.2217
4.55,-0.031493
4.56,0.16037
4.57,0.34903
4.58,0.52665
4.59,0.68595
4.6,0.82195
4.61,0.9259700000000001
4.62,0.99813
4.63,1.0341
4.64,1.0329
4.65,0.99405
4.66,0.91686
4.67,0.80642
4.68,0.6657
4.69,0.50051
4.7,0.31764000000000003
4.71,0.12389000000000001
4.72,-0.074257
4.73,-0.27009
4.74,-0.45597
4.75,-0.62474
4.76,-0.76982
4.77,-0.88564
4.78,-0.96791
4.79,-1.0144
4.8,-1.0234
4.81,-0.99331
4.82,-0.9275100000000001
4.83,-0.82734
4.84,-0.69584
4.85,-0.53897
4.86,-0.36215
4.87,-0.17317000000000002
4.88,0.022382
4.89,0.21781
4.9,0.40558
4.91,0.5765
4.92,0.7278600000000001
4.93,0.8522
4.94,0.9444100000000001
4.95,1.0018
4.96,1.0205
4.97,1.0016
4.98,0.94395
4.99,0.84988
5.0,0.72348
5.01,0.56905
5.02,0.39544
5.03,0.20585
5.04,0.008112000000000001
5.05,-0.18945
5.06,-0.37827
5.07,-0.55106
5.08,-0.70231
5.09,-0.82619
5.1,-0.9167299999999999
5.11,-0.9729899999999999
5.12,-0.98962
5.13,-0.96735
5.14,-0.91145
5.15,-0.8166899999999999
5.16,-0.69125
5.17,-0.54847
5.18,-0.3863
5.19,-0.21505
5.2,-0.041402999999999995
5.21,0.12902
5.22,0.28729
5.23,0.42726000000000003
5.24,0.54668
5.25,0.64242
5.26,0.71054
5.27,0.75073
5.28,0.76012
5.29,0.7420399999999999
5.3,0.69824
5.31,0.63275
5.32,0.55235
5.33,0.45968000000000003
5.34,0.35788000000000003
5.35,0.25208
5.36,0.14532
5.37,0.041954000000000005
5.38,-0.055921000000000005
5.39,-0.14632
5.4,-0.2278
5.41,-0.29957
5.42,-0.36217
5.43,-0.41671
5.44,-0.46146000000000004
5.45,-0.49678999999999995
5.46,-0.52355
5.47,-0.5415800000000001
5.48,-0.55029
5.49,-0.54913
5.5,-0.5361600000000001
5.51,-0.5123300000000001
5.52,-0.47588
5.53,-0.42736999999999997
5.54,-0.35866
5.55,-0.27608
5.56,-0.17783
5.57,-0.065326
5.58,0.058373
5.59,0.1907
5.6,0.32714
5.61,0.46276999999999996
5.62,0.59123
5.63,0.70668
5.64,0.8003399999999999
5.65,0.86836
5.66,0.9062
5.67,0.90807
5.68,0.87336
5.69,0.8006800000000001
5.7,0.6905899999999999
5.71,0.54747
5.72,0.37485999999999997
5.73,0.17820999999999998
5.74,-0.036076
5.75,-0.25782
5.76,-0.47653
5.77,-0.68185
5.78,-0.8636299999999999
5.79,-1.0121
5.8,-1.1198
5.81,-1.1809
5.82,-1.1913
5.83,-1.1506
5.84,-1.0591
5.85,-0.9212
5.86,-0.74256
5.87,-0.53008
5.88,-0.29461
5.89,-0.045127
5.9,0.20651999999999998
5.91,0.44998999999999995
5.92,0.67508
5.93,0.8708
5.94,1.028
5.95,1.1393
5.96,1.2033
5.97,1.2159
5.98,1.1787
5.99,1.0933
6.0,0.96629
6.01,0.80307
6.02,0.612
6.03,0.40254
6.04,0.18304
6.05,-0.036723
6.06,-0.24895
6.07,-0.4468
6.08,-0.62038
6.09,-0.76399
6.1,-0.8725299999999999
6.11,-0.94404
6.12,-0.97605
6.13,-0.9701799999999999
6.14,-0.9275100000000001
6.15,-0.8522299999999999
6.16,-0.74726
6.17,-0.61951
6.18,-0.47438
6.19,-0.31701
6.2,-0.15341
6.21,0.0089832
6.22,0.16694
6.23,0.31442
6.24,0.44876000000000005
6.25,0.5636800000000001
6.26,0.65684
6.27,0.7255199999999999
6.28,0.76786
6.29,0.78164
6.3,0.76878
6.31,0.73106
6.32,0.67027
6.33,0.58924
6.34,0.48953
6.35,0.37568
6.36,0.25138
6.37,0.12115999999999999
6.38,-0.009517900000000001
6.39,-0.13806
6.4,-0.25578
6.41,-0.36225999999999997
6.42,-0.4542
6.43,-0.5275
6.44,-0.5798
6.45,-0.60937
6.46,-0.61625
6.47,-0.6027399999999999
6.48,-0.56929
6.49,-0.51856
6.5,-0.45413000000000003
6.51,-0.37848000000000004
6.52,-0.29606
6.53,-0.21014000000000002
6.54,-0.12420999999999999
6.55,-0.040755
6.56,0.034957999999999996
6.57,0.10400000000000001
6.58,0.16135
6.59,0.20931999999999998
6.6,0.24731999999999998
6.61,0.27975
6.62,0.30441
6.63,0.32671
6.64,0.34155
6.65,0.35357
6.66,0.36332
6.67,0.37375
6.68,0.37181
6.69,0.37572
6.7,0.37718
6.71,0.37406999999999996
6.72,0.36462
6.73,0.3432
6.74,0.31079
6.75,0.26539
6.76,0.20748000000000003
6.77,0.13192
6.78,0.040055
6.79,-0.073494
6.8,-0.19974
6.81,-0.33728
6.82,-0.46945
6.83,-0.60009
6.84,-0.72063
6.85,-0.82252
6.86,-0.8958299999999999
6.87,-0.93599
6.88,-0.9397399999999999
6.89,-0.90355
6.9,-0.82476
6.91,-0.70377
6.92,-0.54693
6.93,-0.35103
6.94,-0.13643
6.95,0.10486
6.96,0.35349
6.97,0.6
6.98,0.8299200000000001
6.99,1.0319
7.0,1.1923
7.01,1.304
7.02,1.3596
7.03,1.3581
7.04,1.2971
7.05,1.181
7.06,1.0149
7.07,0.7991199999999999
7.08,0.54374
7.09,0.25969000000000003
7.1,-0.032388
7.11,-0.33371999999999996
7.12,-0.61858
7.13,-0.8756799999999999
7.14,-1.0918
7.15,-1.2571
7.16,-1.3648
7.17,-1.4109
7.18,-1.3932
7.19,-1.3154
7.2,-1.1812
7.21,-0.9977299999999999
7.22,-0.77422
7.23,-0.5202600000000001
7.24,-0.24647
7.25,0.034105
7.26,0.31032
7.27,0.57004
7.28,0.80316
7.29,0.9988799999999999
7.3,1.151
7.31,1.2527
7.32,1.3034
7.33,1.3008
7.34,1.2485
7.35,1.1495
7.36,1.0097
7.37,0.8360700000000001
7.38,0.63548
7.39,0.41662
7.4,0.18662
7.41,-0.046272
7.42,-0.27431
7.43,-0.49001999999999996
7.44,-0.68628
7.45,-0.85608
7.46,-0.99423
7.47,-1.0971
7.48,-1.1603
7.49,-1.1837
7.5,-1.1671
7.51,-1.1099
7.52,-1.0148
7.53,-0.8859999999999999
7.54,-0.72709
7.55,-0.54388
7.56,-0.3424
7.57,-0.12867
7.58,0.089085
7.59,0.3043
7.6,0.50876
7.61,0.69417
7.62,0.8542799999999999
7.63,0.9808600000000001
7.64,1.0702
7.65,1.1166
7.66,1.1196
7.67,1.0788
7.68,0.99555
7.69,0.8726200000000001
7.7,0.7147600000000001
7.71,0.52987
7.72,0.3259
7.73,0.11165
7.74,-0.10388
7.75,-0.3128
7.76,-0.50588
7.77,-0.6747
7.78,-0.8114899999999999
7.79,-0.9111899999999999
7.8,-0.97139
7.81,-0.98744
7.82,-0.9627399999999999
7.83,-0.89943
7.84,-0.8031
7.85,-0.67872
7.86,-0.53365
7.87,-0.37467
7.88,-0.20924
7.89,-0.045101
7.9,0.11132
7.91,0.25559
7.92,0.38258000000000003
7.93,0.48923
7.94,0.57292
7.95,0.6335
7.96,0.67111
7.97,0.68957
7.98,0.68782
7.99,0.67048
8.0,0.63952
8.01,0.5978100000000001
8.02,0.54595
8.03,0.48595
8.04,0.41863
8.05,0.34406
8.06,0.26194
8.07,0.17237
8.08,0.073675
8.09,-0.032999
8.1,-0.14806
8.11,-0.26869
8.12,-0.39489
8.13,-0.5223300000000001
8.14,-0.64761
8.15,-0.76427
8.16,-0.86608
8.17,-0.9463299999999999
8.18,-0.99711
8.19,-1.0131
8.2,-0.99059
8.21,-0.92606
8.22,-0.81807
8.23,-0.66824
8.24,-0.47884
8.25,-0.256
8.26,-0.008202899999999999
8.27,0.25375
8.28,0.51749
8.29,0.76977
8.3,0.9919399999999999
8.31,1.1788
8.32,1.3216
8.33,1.3937
8.34,1.4077
8.35,1.3632
8.36,1.2344
8.37,1.0494
8.38,0.81091
8.39,0.52462
8.4,0.21248000000000003
8.41,-0.11560999999999999
8.42,-0.43578999999999996
8.43,-0.73328
8.44,-1.0064
8.45,-1.2208
8.46,-1.3722
8.47,-1.4497
8.48,-1.4474
8.49,-1.3776
8.5,-1.2476
8.51,-1.0477
8.52,-0.79719
8.53,-0.51363
8.54,-0.21644000000000002
8.55,0.08634700000000001
8.56,0.3666
8.57,0.60309
8.58,0.80619
8.59,0.96149
8.6,1.0392
8.61,1.0649
8.62,1.0335
8.63,0.9472799999999999
8.64,0.8146899999999999
8.65,0.65293
8.66,0.47100000000000003
8.67,0.28786999999999996
8.68,0.11052999999999999
8.69,-0.047597
8.7,-0.1767
8.71,-0.27071
8.72,-0.32456
8.73,-0.34159
8.74,-0.32198000000000004
8.75,-0.27173
8.76,-0.1971
8.77,-0.12072000000000001
8.78,-0.038775
8.79,0.024158000000000002
8.8,0.067276
8.81,0.086351
8.82,0.06745599999999999
8.83,0.013841999999999998
8.84,-0.060332000000000004
8.85,-0.17034000000000002
8.86,-0.30682
8.87,-0.4517
8.88,-0.5937
8.89,-0.70286
8.9,-0.79108
8.91,-0.83868
8.92,-0.8329200000000001
8.93,-0.77231
8.94,-0.6563899999999999
8.95,-0.48236999999999997
8.96,-0.25835
8.97,0.0049949
8.98,0.29328000000000004
8.99,0.58295
9.0,0.8704
9.01,1.1325
9.02,1.3342
9.03,1.4805
9.04,1.5522
9.05,1.5488
9.06,1.4674
9.07,1.3084
9.08,1.0806
9.09,0.78641
9.1,0.4395
9.11,0.054262
9.12,-0.34021
9.13,-0.72805
9.14,-1.081
9.15,-1.3752
9.16,-1.5963
9.17,-1.7466
9.18,-1.8018
9.19,-1.7654
9.2,-1.6424
9.21,-1.4447
9.22,-1.1746
9.23,-0.85209
9.24,-0.49223999999999996
9.25,-0.1159
9.26,0.25599
9.27,0.60546
9.28,0.9166
9.29,1.1735
9.3,1.3634
9.31,1.4799
9.32,1.5241
9.33,1.4956
9.34,1.401
9.35,1.2474
9.36,1.0508
9.37,0.8233
9.38,0.5774199999999999
9.39,0.32506
9.4,0.079263
9.41,-0.14979
9.42,-0.35583000000000004
9.43,-0.53194
9.44,-0.67314
9.45,-0.77822
9.46,-0.8494700000000001
9.47,-0.8869600000000001
9.48,-0.89791
9.49,-0.8851899999999999
9.5,-0.85498
9.51,-0.8107300000000001
9.52,-0.75492
9.53,-0.68965
9.54,-0.61688
9.55,-0.53693
9.56,-0.4465
9.57,-0.34615
9.58,-0.23265999999999998
9.59,-0.10407999999999999
9.6,0.038814
9.61,0.19618
9.62,0.36403
9.63,0.53833
9.64,0.71424
9.65,0.8828600000000001
9.66,1.0339
9.67,1.1577
9.68,1.2456
9.69,1.2908
9.7,1.291
9.71,1.2219
9.72,1.1064
9.73,0.93271
9.74,0.70387
9.75,0.42815
9.76,0.11655
9.77,-0.22296
9.78,-0.5675399999999999
9.79,-0.8991
9.8,-1.1982
9.81,-1.4536
9.82,-1.6469
9.83,-1.7661
9.84,-1.8034
9.85,-1.7525
9.86,-1.617
9.87,-1.3993
9.88,-1.1129
9.89,-0.7578199999999999
9.9,-0.35954
9.91,0.067397
9.92,0.49041999999999997
9.93,0.8918799999999999
9.94,1.2466
9.95,1.55
9.96,1.7807
9.97,1.9222
9.98,1.9759
9.99,1.9328
10.0,1.8022
10.01,1.5977
10.02,1.311
10.03,0.971
10.04,0.5908800000000001
10.05,0.19318
10.06,-0.20096
10.07,-0.5687
10.08,-0.90241
10.09,-1.1841
10.1,-1.4084
10.11,-1.5405
10.12,-1.6037
10.13,-1.5929
10.14,-1.5121
10.15,-1.3654
10.16,-1.1672
10.17,-0.9292299999999999
10.18,-0.6651600000000001
10.19,-0.39078
10.2,-0.12244000000000001
10.21,0.13764
10.22,0.37226
10.23,0.57986
10.24,0.74636
10.25,0.86879
10.26,0.9532
10.27,0.9959399999999999
10.28,1.0017
10.29,0.97354
10.3,0.92051
10.31,0.8393799999999999
10.32,0.74316
10.33,0.63481
10.34,0.51679
10.35,0.39658000000000004
10.36,0.27368000000000003
10.37,0.15175
10.38,0.031935000000000005
10.39,-0.085773
10.4,-0.20515999999999998
10.41,-0.32378
10.42,-0.43756000000000006
10.43,-0.54119
10.44,-0.645
10.45,-0.7379
10.46,-0.82242
10.47,-0.8833700000000001
10.48,-0.92581
10.49,-0.94184
10.5,-0.9297700000000001
10.51,-0.8867799999999999
10.52,-0.8121
10.53,-0.70596
10.54,-0.57202
10.55,-0.4072
10.56,-0.21769000000000002
10.57,-0.0094884
10.58,0.20795999999999998
10.59,0.42683000000000004
10.6,0.63783
10.61,0.83006
10.62,0.9962700000000001
10.63,1.1232
10.64,1.2066
10.65,1.2424
10.66,1.2284
10.67,1.1648
10.68,1.0541
10.69,0.89936
10.7,0.70813
10.71,0.48582
10.72,0.24324
10.73,-0.0091125
10.74,-0.26052
10.75,-0.50053
10.76,-0.7188899999999999
10.77,-0.9057700000000001
10.78,-1.0544
10.79,-1.1581
10.8,-1.2158
10.81,-1.2228
10.82,-1.1829
10.83,-1.0982
10.84,-0.97305
10.85,-0.81384
10.86,-0.62768
10.87,-0.42186999999999997
10.88,-0.20459000000000002
10.89,0.016055
10.9,0.23137
10.91,0.43538000000000004
10.92,0.61858
10.93,0.7759199999999999
10.94,0.90159
10.95,0.9925700000000001
10.96,1.0453
10.97,1.0596
10.98,1.0359
10.99,0.97603
11.0,0.88254
11.01,0.75849
11.02,0.6088899999999999
11.03,0.43805
11.04,0.25173
11.05,0.055709
11.06,-0.14418
11.07,-0.34144
11.08,-0.52818
11.09,-0.69862
11.1,-0.8442
11.11,-0.96315
11.12,-1.047
11.13,-1.0927
11.14,-1.0988
11.15,-1.064
11.16,-0.98962
11.17,-0.87856
11.18,-0.73382
11.19,-0.56115
11.2,-0.36626
11.21,-0.15621
11.22,0.061405999999999995
11.23,0.27812
11.24,0.48583999999999994
11.25,0.67624
11.26,0.84067
11.27,0.97406
11.28,1.0703
11.29,1.1256
11.3,1.1375
11.31,1.1079
11.32,1.0374
11.33,0.9309
11.34,0.7934
11.35,0.6311399999999999
11.36,0.45088
11.37,0.25993
11.38,0.065881
11.39,-0.12397999999999999
11.4,-0.30279
11.41,-0.46435
11.42,-0.60287
11.43,-0.7147899999999999
11.44,-0.7964
11.45,-0.84693
11.46,-0.86615
11.47,-0.85513
11.48,-0.81624
11.49,-0.75217
11.5,-0.6669
11.51,-0.56415
11.52,-0.44803999999999994
11.53,-0.32295999999999997
11.54,-0.19109
11.55,-0.056326999999999995
11.56,0.078938
11.57,0.21095
11.58,0.33747
11.59,0.45551
11.6,0.5621
11.61,0.6552899999999999
11.62,0.7310300000000001
11.63,0.7863
11.64,0.8202200000000001
11.65,0.83155
11.66,0.8168
11.67,0.77859
11.68,0.7138899999999999
11.69,0.62467
11.7,0.5102899999999999
11.71,0.3732
11.72,0.21664
11.73,0.043904
11.74,-0.13831
11.75,-0.32624000000000003
11.76,-0.51173
11.77,-0.68692
11.78,-0.8444
11.79,-0.9755299999999999
11.8,-1.0744
11.81,-1.1340000000000001
11.82,-1.1511
11.83,-1.124
11.84,-1.0524
11.85,-0.9372
11.86,-0.78285
11.87,-0.59364
11.88,-0.37703000000000003
11.89,-0.14071
11.9,0.10575999999999999
11.91,0.35189000000000004
11.92,0.58517
11.93,0.79577
11.94,0.9725600000000001
11.95,1.1097
11.96,1.1997
11.97,1.2401
11.98,1.2281
11.99,1.1661
12.0,1.0565
12.01,0.90409
12.02,0.71725
12.03,0.50347
12.04,0.27284
12.05,0.035943
12.06,-0.19748
12.07,-0.41788000000000003
12.08,-0.6161300000000001
12.09,-0.7842100000000001
12.1,-0.91601
12.11,-1.0063
12.12,-1.0537
12.13,-1.0575
12.14,-1.0194
12.15,-0.94378
12.16,-0.83467
12.17,-0.69889
12.18,-0.5425800000000001
12.19,-0.37214
12.2,-0.19584000000000001
12.21,-0.020733
12.22,0.14902
12.23,0.30874
12.24,0.45316000000000006
12.25,0.57828
12.26,0.68078
12.27,0.75944
12.28,0.8134600000000001
12.29,0.84267
12.3,0.84754
12.31,0.83076
12.32,0.79108
12.33,0.73123
12.34,0.6534
12.35,0.55893
12.36,0.45273
12.37,0.3356
12.38,0.20989000000000002
12.39,0.077014
12.4,-0.062658
12.41,-0.19993
12.42,-0.33681
12.43,-0.467
12.44,-0.58665
12.45,-0.6943600000000001
12.46,-0.7847
12.47,-0.85509
12.48,-0.90064
12.49,-0.9200799999999999
12.5,-0.9139799999999999
12.51,-0.87845
12.52,-0.81494
12.53,-0.72221
12.54,-0.60447
12.55,-0.46216999999999997
12.56,-0.30106
12.57,-0.12367
12.58,0.061761
12.59,0.25006
12.6,0.43377
12.61,0.60688
12.62,0.75927
12.63,0.88635
12.64,0.98254
12.65,1.0421
12.66,1.0625
12.67,1.0427
12.68,0.9834
12.69,0.88754
12.7,0.75754
12.71,0.5948399999999999
12.72,0.408
12.73,0.20322
12.74,-0.017879
12.75,-0.24775
12.76,-0.4741
12.77,-0.68825
12.78,-0.88054
12.79,-1.0432
12.8,-1.1709
12.81,-1.2554
12.82,-1.2922
12.83,-1.2819
12.84,-1.2241
12.85,-1.1208
12.86,-0.98116
12.87,-0.79727
12.88,-0.57143
12.89,-0.32558000000000004
12.9,-0.061198
12.91,0.21358000000000002
12.92,0.48303999999999997
12.93,0.7392
12.94,0.9694200000000001
12.95,1.1631
12.96,1.3113
12.97,1.4074
12.98,1.4468
12.99,1.4288
13.0,1.3535
13.01,1.2229999999999999
13.02,1.0446
13.03,0.8233600000000001
13.04,0.56582
13.05,0.2822
13.06,-0.016041999999999997
13.07,-0.31966999999999995
13.08,-0.61192
13.09,-0.8803
13.1,-1.1097
13.11,-1.2924
13.12,-1.4158
13.13,-1.4755
13.14,-1.4705
13.15,-1.4003
13.16,-1.2689
13.17,-1.0827
13.18,-0.8504799999999999
13.19,-0.5817899999999999
13.2,-0.28815
13.21,0.016131
13.22,0.31859
13.23,0.6065
13.24,0.86724
13.25,1.0882
13.26,1.2593
13.27,1.3741
13.28,1.4297
13.29,1.4224
13.3,1.3579
13.31,1.2387
13.32,1.0752
13.33,0.8750399999999999
13.34,0.64878
13.35,0.40621
13.36,0.15999000000000002
13.37,-0.079973
13.38,-0.30156
13.39,-0.49851999999999996
13.4,-0.6623100000000001
13.41,-0.79037
13.42,-0.8779
13.43,-0.9244899999999999
13.44,-0.9300299999999999
13.45,-0.89985
13.46,-0.83767
13.47,-0.7518699999999999
13.48,-0.64657
13.49,-0.52851
13.5,-0.40421999999999997
13.51,-0.27976
13.52,-0.15841
13.53,-0.045722000000000006
13.54,0.058049
13.55,0.1499
13.56,0.22771999999999998
13.57,0.29554
13.58,0.35502
13.59,0.40560999999999997
13.6,0.44869
13.61,0.48499
13.62,0.51385
13.63,0.5358
13.64,0.55199
13.65,0.56072
13.66,0.55662
13.67,0.53781
13.68,0.5058
13.69,0.45806
13.7,0.39703
13.71,0.3137
13.72,0.20481999999999997
13.73,0.085063
13.74,-0.047994999999999996
13.75,-0.1883
13.76,-0.34471
13.77,-0.49622
13.78,-0.64082
13.79,-0.76894
13.8,-0.8793
13.81,-0.95972
13.82,-1.0044
13.83,-1.0092
13.84,-0.9734700000000001
13.85,-0.89884
13.86,-0.78095
13.87,-0.62607
13.88,-0.43759
13.89,-0.22457
13.9,0.004950199999999999
13.91,0.24673
13.92,0.47913
13.93,0.6966399999999999
13.94,0.88884
13.95,1.0455
13.96,1.1592
13.97,1.224
13.98,1.2364
13.99,1.1971
14.0,1.1051
14.01,0.96698
14.02,0.78694
14.03,0.57403
14.04,0.33871
14.05,0.089771
14.06,-0.16169
14.07,-0.40597
14.08,-0.63307
14.09,-0.8325
14.1,-0.99469
14.11,-1.1132
14.12,-1.1856
14.13,-1.2087
14.14,-1.1826
14.15,-1.1106
14.16,-0.99416
14.17,-0.84119
14.18,-0.65791
14.19,-0.45366999999999996
14.2,-0.23665
14.21,-0.015821
14.22,0.20098
14.23,0.40665999999999997
14.24,0.59342
14.25,0.7548699999999999
14.26,0.88775
14.27,0.98454
14.28,1.0444
14.29,1.0646
14.3,1.0473
14.31,0.99223
14.32,0.9035799999999999
14.33,0.78381
14.34,0.63815
14.35,0.47218999999999994
14.36,0.29212
14.37,0.1035
14.38,-0.08755800000000001
14.39,-0.27425
14.4,-0.45059
14.41,-0.6112
14.42,-0.7504
14.43,-0.86259
14.44,-0.94425
14.45,-0.9924200000000001
14.46,-1.0055
14.47,-0.98136
14.48,-0.92219
14.49,-0.8287100000000001
14.5,-0.7055
14.51,-0.5535899999999999
14.52,-0.38021
14.53,-0.19105999999999998
14.54,0.0078195
14.55,0.20815
14.56,0.40308
14.57,0.58526
14.58,0.74878
14.59,0.88638
14.6,0.99326
14.61,1.063
14.62,1.0946
14.63,1.0871
14.64,1.0393
14.65,0.9532799999999999
14.66,0.8300299999999999
14.67,0.67642
14.68,0.49668
14.69,0.29808
14.7,0.088298
14.71,-0.12480999999999999
14.72,-0.33444
14.73,-0.53213
14.74,-0.7105199999999999
14.75,-0.8615200000000001
14.76,-0.9806299999999999
14.77,-1.063
14.78,-1.1055
14.79,-1.1063
14.8,-1.0657
14.81,-0.9858299999999999
14.82,-0.8684200000000001
14.83,-0.71783
14.84,-0.5401199999999999
14.85,-0.34208
14.86,-0.13082
14.87,0.084832
14.88,0.29849000000000003
14.89,0.50202
14.9,0.68807
14.91,0.8474200000000001
14.92,0.97751
14.93,1.0703
14.94,1.1227
14.95,1.1327
14.96,1.0995
14.97,1.0259
14.98,0.9117700000000001
14.99,0.76217
15.0,0.5826
15.01,0.38069000000000003
15.02,0.16452999999999998
15.03,-0.059709000000000005
15.04,-0.28215999999999997
15.05,-0.49448000000000003
15.06,-0.68718
15.07,-0.85529
15.08,-0.9897799999999999
15.09,-1.0845
15.1,-1.1402
15.11,-1.1452
15.12,-1.1082
15.13,-1.0281
15.14,-0.9076
15.15,-0.75358
15.16,-0.5718300000000001
15.17,-0.37155
15.18,-0.15989
15.19,0.053038
15.2,0.25964
15.21,0.45006
15.22,0.6190899999999999
15.23,0.7621
15.24,0.8706
15.25,0.9424799999999999
15.26,0.9758600000000001
15.27,0.96986
15.28,0.92576
15.29,0.8484
15.3,0.74082
15.31,0.61005
15.32,0.46424
15.33,0.30815
15.34,0.14776
15.35,-0.0096442
15.36,-0.159
15.37,-0.29508
15.38,-0.41407
15.39,-0.5140399999999999
15.4,-0.5916100000000001
15.41,-0.6460100000000001
15.42,-0.6785899999999999
15.43,-0.69075
15.44,-0.68295
15.45,-0.65788
15.46,-0.61765
15.47,-0.56423
15.48,-0.5002
15.49,-0.42723
15.5,-0.34635
15.51,-0.26068
15.52,-0.17044
15.53,-0.075374
15.54,0.023718
15.55,0.12559
15.56,0.22874
15.57,0.3314
15.58,0.43141
15.59,0.52556
15.6,0.61101
15.61,0.6845399999999999
15.62,0.74205
15.63,0.78005
15.64,0.79352
15.65,0.78076
15.66,0.7406
15.67,0.67096
15.68,0.57167
15.69,0.44553000000000004
15.7,0.29449000000000003
15.71,0.12307
15.72,-0.064084
15.73,-0.25977
15.74,-0.45611999999999997
15.75,-0.64326
15.76,-0.81316
15.77,-0.9559799999999999
15.78,-1.0645
15.79,-1.1316
15.8,-1.1533
15.81,-1.1274
15.82,-1.0527
15.83,-0.9323
15.84,-0.76957
15.85,-0.56999
15.86,-0.34179
15.87,-0.094679
15.88,0.16058
15.89,0.41395
15.9,0.65288
15.91,0.8669100000000001
15.92,1.0457
15.93,1.1805
15.94,1.2659
15.95,1.2966
15.96,1.2751
15.97,1.1997
15.98,1.0748
15.99,0.90589
16.0,0.7018399999999999
16.01,0.4715
16.02,0.22478
16.03,-0.027107
16.04,-0.27363000000000004
16.05,-0.5051899999999999
16.06,-0.71345
16.07,-0.88884
16.08,-1.0239
16.09,-1.1133
16.1,-1.1551
16.11,-1.1501
16.12,-1.0985
16.13,-1.0043
16.14,-0.87282
16.15,-0.70987
16.16,-0.5231399999999999
16.17,-0.32111999999999996
16.18,-0.11165
16.19,0.09725
16.2,0.29764
16.21,0.48258
16.22,0.6460600000000001
16.23,0.7837
16.24,0.8913200000000001
16.25,0.96211
16.26,0.9970100000000001
16.27,0.99565
16.28,0.95765
16.29,0.88403
16.3,0.78027
16.31,0.6509
16.32,0.5011399999999999
16.33,0.33635
16.34,0.16086
16.35,-0.01793
16.36,-0.19334
16.37,-0.36025
16.38,-0.5123800000000001
16.39,-0.64126
16.4,-0.74547
16.41,-0.82099
16.42,-0.86451
16.43,-0.87451
16.44,-0.8506799999999999
16.45,-0.7941199999999999
16.46,-0.70815
16.47,-0.5978399999999999
16.48,-0.46741000000000005
16.49,-0.32241
16.5,-0.16948
16.51,-0.016091
16.52,0.13479000000000002
16.53,0.27412
16.54,0.39705999999999997
16.55,0.49908
16.56,0.5708
16.57,0.6209600000000001
16.58,0.64299
16.59,0.63803
16.6,0.60827
16.61,0.55793
16.62,0.48981
16.63,0.41486999999999996
16.64,0.32771
16.65,0.23231
16.66,0.147
16.67,0.06174400000000001
16.68,-0.020425
16.69,-0.08402000000000001
16.7,-0.14253
16.71,-0.17364000000000002
16.72,-0.19839
16.73,-0.21219000000000002
16.74,-0.21881
16.75,-0.22401999999999997
16.76,-0.22630999999999998
16.77,-0.23219
16.78,-0.23369
16.79,-0.23986
16.8,-0.27314
16.81,-0.30194
16.82,-0.32976
16.83,-0.36036999999999997
16.84,-0.39088
16.85,-0.41446000000000005
16.86,-0.42608
16.87,-0.42925
16.88,-0.40374
16.89,-0.3609
16.9,-0.29388000000000003
16.91,-0.19594
16.92,-0.083549
16.93,0.047751999999999996
16.94,0.18896
16.95,0.34292
16.96,0.49526000000000003
16.97,0.6402800000000001
16.98,0.76856
16.99,0.8735200000000001
17.0,0.94496
17.01,0.97746
17.02,0.9684200000000001
17.03,0.9155200000000001
17.04,0.8207200000000001
17.05,0.68825
17.06,0.52104
17.07,0.31923
17.08,0.096983
17.09,-0.1407
17.1,-0.37739
17.11,-0.60207
17.12,-0.80525
17.13,-0.97469
17.14,-1.1005
17.15,-1.177
17.16,-1.2016
17.17,-1.1709
17.18,-1.0881
17.19,-0.95734
17.2,-0.7821100000000001
17.21,-0.57308
17.22,-0.33784000000000003
17.23,-0.086864
17.24,0.16885
17.25,0.41772
17.26,0.6487
17.27,0.8508100000000001
17.28,1.0159
17.29,1.1368
17.3,1.21
17.31,1.2318
17.32,1.2046
17.33,1.1295
17.34,1.0114
17.35,0.85661
17.36,0.6717
17.37,0.46531999999999996
17.38,0.24509
17.39,0.019726
17.4,-0.20402
17.41,-0.41663999999999995
17.42,-0.61216
17.43,-0.78282
17.44,-0.92345
17.45,-1.0298
17.46,-1.0985
17.47,-1.129
17.48,-1.1194
17.49,-1.0725
17.5,-0.9900100000000001
17.51,-0.87476
17.52,-0.73017
17.53,-0.56202
17.54,-0.37574
17.55,-0.17699
17.56,0.028095
17.57,0.23274
17.58,0.42957
17.59,0.6124
17.6,0.77312
17.61,0.90571
17.62,1.0047
17.63,1.0664
17.64,1.087
17.65,1.0662
17.66,1.0045
17.67,0.90328
17.68,0.7658
17.69,0.59592
17.7,0.40495
17.71,0.19135
17.72,-0.026636
17.73,-0.2442
17.74,-0.45121999999999995
17.75,-0.63989
17.76,-0.80057
17.77,-0.92616
17.78,-1.0111
17.79,-1.0514
17.8,-1.0471
17.81,-0.99784
17.82,-0.90725
17.83,-0.7805
17.84,-0.62456
17.85,-0.4479
17.86,-0.25751
17.87,-0.06298200000000001
17.88,0.12786
17.89,0.30646999999999996
17.9,0.4659
17.91,0.59933
17.92,0.70431
17.93,0.77728
17.94,0.81723
17.95,0.82484
17.96,0.80371
17.97,0.75725
17.98,0.69006
17.99,0.60661
18.0,0.51194
18.01,0.41126999999999997
18.02,0.30699
18.03,0.20404
18.04,0.10088
18.05,0.0036878999999999996
18.06,-0.088826
18.07,-0.17703
18.08,-0.2623
18.09,-0.34306
18.1,-0.42121000000000003
18.11,-0.49818
18.12,-0.5705100000000001
18.13,-0.63852
18.14,-0.69975
18.15,-0.75021
18.16,-0.78641
18.17,-0.80397
18.18,-0.79808
18.19,-0.76586
18.2,-0.7029
18.21,-0.6085
18.22,-0.48155
18.23,-0.32398000000000005
18.24,-0.13771
18.25,0.070159
18.26,0.29104
18.27,0.51588
18.28,0.7333
18.29,0.93047
18.3,1.094
18.31,1.22
18.32,1.2848
18.33,1.3001
18.34,1.2525
18.35,1.1531
18.36,0.98485
18.37,0.76415
18.38,0.4956
18.39,0.19062
18.4,-0.13035
18.41,-0.45443
18.42,-0.75564
18.43,-1.0279
18.44,-1.2542
18.45,-1.4269999999999998
18.46,-1.5218
18.47,-1.5394
18.48,-1.4747
18.49,-1.3417
18.5,-1.148
18.51,-0.88638
18.52,-0.58211
18.53,-0.25274
18.54,0.08214500000000001
18.55,0.40562
18.56,0.69611
18.57,0.95004
18.58,1.1466
18.59,1.2774
18.6,1.3325
18.61,1.3225
18.62,1.2401
18.63,1.0959999999999999
18.64,0.898
18.65,0.66942
18.66,0.43208
18.67,0.17665
18.68,-0.067174
18.69,-0.28314
18.7,-0.46568999999999994
18.71,-0.59525
18.72,-0.67589
18.73,-0.7135199999999999
18.74,-0.69845
18.75,-0.63889
18.76,-0.53961
18.77,-0.42208
18.78,-0.29216
18.79,-0.17945
18.8,-0.06995900000000001
18.81,0.014808000000000002
18.82,0.072438
18.83,0.089834
18.84,0.08554099999999999
18.85,0.038169
18.86,-0.036713
18.87,-0.13884000000000002
18.88,-0.24436
18.89,-0.34173000000000003
18.9,-0.41122
18.91,-0.45929
18.92,-0.47312
18.93,-0.44395
18.94,-0.36791999999999997
18.95,-0.24497
18.96,-0.080467
18.97,0.11656
18.98,0.33483
18.99,0.55335
19.0,0.77125
19.01,0.96744
19.02,1.1168
19.03,1.2127
19.04,1.2471
19.05,1.2217
19.06,1.1333
19.07,0.97634
19.08,0.7529
19.09,0.47548
19.1,0.15715
19.11,-0.18511
19.12,-0.53015
19.13,-0.8619600000000001
19.14,-1.1547
19.15,-1.3879
19.16,-1.5461
19.17,-1.6392
19.18,-1.6440000000000001
19.19,-1.5644
19.2,-1.4134
19.21,-1.181
19.22,-0.89433
19.23,-0.56388
19.24,-0.20583
19.25,0.1579
19.26,0.50726
19.27,0.82636
19.28,1.0979
19.29,1.3090000000000002
19.3,1.4480000000000002
19.31,1.515
19.32,1.5065
19.33,1.4286
19.34,1.2861
19.35,1.0915
19.36,0.8594799999999999
19.37,0.60313
19.38,0.33605
19.39,0.07184299999999999
19.4,-0.17648
19.41,-0.40364
19.42,-0.5960300000000001
19.43,-0.74879
19.44,-0.85962
19.45,-0.92791
19.46,-0.9566100000000001
19.47,-0.94915
19.48,-0.91269
19.49,-0.85464
19.5,-0.77841
19.51,-0.6916
19.52,-0.59844
19.53,-0.50273
19.54,-0.40599
19.55,-0.30901
19.56,-0.20968
19.57,-0.10787999999999999
19.58,-0.0027284
19.59,0.11059000000000001
19.6,0.23448000000000002
19.61,0.35871
19.62,0.49098
19.63,0.62626
19.64,0.75952
19.65,0.88435
19.66,0.99226
19.67,1.0745
19.68,1.1242
19.69,1.1427
19.7,1.1041
19.71,1.0217
19.72,0.8916700000000001
19.73,0.7135199999999999
19.74,0.48044
19.75,0.21329
19.76,-0.083472
19.77,-0.40004
19.78,-0.71577
19.79,-1.0132
19.8,-1.2686
19.81,-1.4863
19.82,-1.6381
19.83,-1.7161
19.84,-1.7136
19.85,-1.6285
19.86,-1.4617
19.87,-1.2173
19.88,-0.90925
19.89,-0.54397
19.9,-0.14031
19.91,0.28358
19.92,0.6964899999999999
19.93,1.0788
19.94,1.4101
19.95,1.6805
19.96,1.8738
19.97,1.9757
19.98,1.9882
19.99,1.9040000000000001
20.0,1.7323
20.01,1.4863
20.02,1.1735
20.03,0.79908
20.04,0.39443
20.05,-0.018856
20.06,-0.42151000000000005
20.07,-0.79366
20.08,-1.1202
20.09,-1.3835
20.1,-1.5771
20.11,-1.6833
20.12,-1.7086
20.13,-1.6539
20.14,-1.5326
20.15,-1.3415
20.16,-1.1001
20.17,-0.8213799999999999
20.18,-0.52058
20.19,-0.21443
20.2,0.083342
20.21,0.36313
20.22,0.6081300000000001
20.23,0.81338
20.24,0.9717399999999999
20.25,1.0809
20.26,1.1367
20.27,1.1471
20.28,1.1143
20.29,1.0433
20.3,0.9427
20.31,0.8176800000000001
20.32,0.6763100000000001
20.33,0.5259699999999999
20.34,0.36994
20.35,0.21696999999999997
20.36,0.068521
20.37,-0.072004
20.38,-0.20175
20.39,-0.32145
20.4,-0.43263999999999997
20.41,-0.53317
20.42,-0.62243
20.43,-0.6996899999999999
20.44,-0.76586
20.45,-0.81692
20.46,-0.85226
20.47,-0.8680100000000001
20.48,-0.86561
20.49,-0.8408
20.5,-0.79173
20.51,-0.71862
20.52,-0.6197699999999999
20.53,-0.5009899999999999
20.54,-0.35469
20.55,-0.1875
20.56,-0.0034712
20.57,0.19033
20.58,0.38636
20.59,0.58076
20.6,0.75926
20.61,0.9121600000000001
20.62,1.0348
20.63,1.1214
20.64,1.165
20.65,1.1636
20.66,1.1153
20.67,1.0229
20.68,0.8881100000000001
20.69,0.71606
20.7,0.51326
20.71,0.28662
20.72,0.046883
20.73,-0.19582
20.74,-0.43096
20.75,-0.64831
20.76,-0.83909
20.77,-0.9943799999999999
20.78,-1.1088
20.79,-1.1777
20.8,-1.198
20.81,-1.171
20.82,-1.0985
20.83,-0.98439
20.84,-0.8348700000000001
20.85,-0.65578
20.86,-0.45546000000000003
20.87,-0.24119000000000002
20.88,-0.021817
20.89,0.19460999999999998
20.9,0.39965
20.91,0.5866899999999999
20.92,0.74778
20.93,0.87802
20.94,0.97359
20.95,1.032
20.96,1.0507
20.97,1.0314
20.98,0.97525
20.99,0.88575
21.0,0.76577
21.01,0.61974
21.02,0.45302
21.03,0.27032
21.04,0.07797
21.05,-0.11825
21.06,-0.31225
21.07,-0.49713999999999997
21.08,-0.66643
21.09,-0.8133699999999999
21.1,-0.9333100000000001
21.11,-1.0201
21.12,-1.0713
21.13,-1.0839
21.14,-1.0572
21.15,-0.9921399999999999
21.16,-0.8898299999999999
21.17,-0.7547699999999999
21.18,-0.59103
21.19,-0.40402
21.2,-0.20034000000000002
21.21,0.012666
21.22,0.22718000000000002
21.23,0.43522
21.24,0.62834
21.25,0.79892
21.26,0.93925
21.27,1.0449
21.28,1.1108
21.29,1.1345
21.3,1.1148
21.31,1.0547
21.32,0.95616
21.33,0.8248200000000001
21.34,0.6663
21.35,0.48798
21.36,0.29625
21.37,0.09922
21.38,-0.09518099999999999
21.39,-0.28025
21.4,-0.44811999999999996
21.41,-0.59365
21.42,-0.71194
21.43,-0.79961
21.44,-0.85408
21.45,-0.87516
21.46,-0.86456
21.47,-0.82375
21.48,-0.75678
21.49,-0.66669
21.5,-0.5586899999999999
21.51,-0.43723
21.52,-0.30689
21.53,-0.1724
21.54,-0.036041000000000004
21.55,0.09793400000000001
21.56,0.22713000000000003
21.57,0.34775
21.58,0.45793999999999996
21.59,0.55552
21.6,0.6422399999999999
21.61,0.7037100000000001
21.62,0.74974
21.63,0.77695
21.64,0.7832
21.65,0.7670100000000001
21.66,0.72805
21.67,0.6685300000000001
21.68,0.58741
21.69,0.48591999999999996
21.7,0.36383000000000004
21.71,0.22414
21.72,0.070103
21.73,-0.094739
21.74,-0.26534
21.75,-0.436
21.76,-0.60048
21.77,-0.7513
21.78,-0.8819799999999999
21.79,-0.98495
21.8,-1.056
21.81,-1.0888
21.82,-1.081
21.83,-1.032
21.84,-0.9421200000000001
21.85,-0.81279
21.86,-0.64845
21.87,-0.4536
21.88,-0.23600000000000002
21.89,-0.004129600000000001
21.9,0.23314000000000001
21.91,0.46515
21.92,0.68034
21.93,0.86974
21.94,1.0224
21.95,1.1339
21.96,1.1983
21.97,1.2124
21.98,1.1769
21.99,1.0921
22.0,0.96326
22.01,0.79505
22.02,0.59613
22.03,0.37465
22.04,0.14049
22.05,-0.09525399999999999
22.06,-0.32275
22.07,-0.53327
22.08,-0.71682
22.09,-0.8670100000000001
22.1,-0.97711
22.11,-1.0451
22.12,-1.0684
22.13,-1.0473
22.14,-0.9857100000000001
22.15,-0.88689
22.16,-0.75793
22.17,-0.60506
22.18,-0.43476000000000004
22.19,-0.25456999999999996
22.2,-0.072287
22.21,0.10465999999999999
22.22,0.27219
22.23,0.42521000000000003
22.24,0.55905
22.25,0.66897
22.26,0.75383
22.27,0.8116899999999999
22.28,0.8438700000000001
22.29,0.84941
22.3,0.8342200000000001
22.31,0.79161
22.32,0.73096
22.33,0.65272
22.34,0.55886
22.35,0.4525
22.36,0.3377
22.37,0.21625
22.38,0.09013
22.39,-0.038539
22.4,-0.16907
22.41,-0.29677
22.42,-0.41767
22.43,-0.52965
22.44,-0.62985
22.45,-0.71582
22.46,-0.78371
22.47,-0.83211
22.48,-0.8561799999999999
22.49,-0.8578100000000001
22.5,-0.83431
22.51,-0.78535
22.52,-0.71213
22.53,-0.61223
22.54,-0.49165
22.55,-0.35072
22.56,-0.19377
22.57,-0.026175
22.58,0.14718
22.59,0.32023
22.6,0.48493
22.61,0.6401899999999999
22.62,0.77218
22.63,0.87864
22.64,0.95421
22.65,0.9955799999999999
22.66,0.9990600000000001
22.67,0.96526
22.68,0.8944
22.69,0.7911600000000001
22.7,0.6566
22.71,0.49562
22.72,0.31294
22.73,0.11129000000000001
22.74,-0.10223
22.75,-0.31987
22.76,-0.53155
22.77,-0.7277899999999999
22.78,-0.9017
22.79,-1.0459
22.8,-1.153
22.81,-1.2215
22.82,-1.2429
22.83,-1.2184
22.84,-1.1495
22.85,-1.0437
22.86,-0.89402
22.87,-0.7064600000000001
22.88,-0.4824
22.89,-0.24081999999999998
22.9,0.016624
22.91,0.2812
22.92,0.53837
22.93,0.78
22.94,0.9937600000000001
22.95,1.1712
22.96,1.3028
22.97,1.3834
22.98,1.4084
22.99,1.3773
23.0,1.2914
23.01,1.1537
23.02,0.97045
23.03,0.74668
23.04,0.48898
23.05,0.20779
23.06,-0.086381
23.07,-0.38129
23.08,-0.66354
23.09,-0.9198
23.1,-1.1422
23.11,-1.3044
23.12,-1.4136
23.13,-1.4598
23.14,-1.4415
23.15,-1.3595
23.16,-1.2191
23.17,-1.0249
23.18,-0.7869
23.19,-0.5149699999999999
23.2,-0.22066
23.21,0.082227
23.22,0.3813
23.23,0.66342
23.24,0.91627
23.25,1.1275
23.26,1.2867
23.27,1.3898
23.28,1.4323
23.29,1.4133
23.3,1.3365
23.31,1.2069
23.32,1.0343
23.33,0.8263299999999999
23.34,0.59414
23.35,0.34763
23.36,0.09933
23.37,-0.14009000000000002
23.38,-0.36052
23.39,-0.55181
23.4,-0.71034
23.41,-0.8308700000000001
23.42,-0.9094
23.43,-0.94557
23.44,-0.9403
23.45,-0.89861
23.46,-0.82647
23.47,-0.73046
23.48,-0.6157199999999999
23.49,-0.48963999999999996
23.5,-0.35846
23.51,-0.22931999999999997
23.52,-0.10475
23.53,0.0096047
23.54,0.11269000000000001
23.55,0.20279
23.56,0.27656
23.57,0.33881999999999995
23.58,0.39111999999999997
23.59,0.43291
23.6,0.4664
23.61,0.49308
23.62,0.51193
23.63,0.5240600000000001
23.64,0.53105
23.65,0.53157
23.66,0.51961
23.67,0.49508
23.68,0.45876000000000006
23.69,0.40799
23.7,0.34606
23.71,0.26238
23.72,0.15673
23.73,0.041618
23.74,-0.084963
23.75,-0.2197
23.76,-0.36822
23.77,-0.51142
23.78,-0.6469
23.79,-0.76698
23.8,-0.86698
23.81,-0.9393
23.82,-0.9762700000000001
23.83,-0.9745299999999999
23.84,-0.9339
23.85,-0.85567
23.86,-0.73542
23.87,-0.5797800000000001
23.88,-0.39252
23.89,-0.18191
23.9,0.048829000000000004
23.91,0.2799
23.92,0.50605
23.93,0.71616
23.94,0.90069
23.95,1.0490000000000002
23.96,1.1545
23.97,1.2113
23.98,1.2166
23.99,1.1704
24.0,1.0734
24.01,0.9309700000000001
24.02,0.74815
24.03,0.53378
24.04,0.29829
24.05,0.050689
24.06,-0.19843
24.07,-0.43938999999999995
24.08,-0.66174
24.09,-0.8555299999999999
24.1,-1.011
24.11,-1.1224
24.12,-1.1874
24.13,-1.2033
24.14,-1.1704
24.15,-1.0919
24.16,-0.9696899999999999
24.17,-0.81201
24.18,-0.62498
24.19,-0.41818
24.2,-0.20007
24.21,0.020468
24.22,0.23661
24.23,0.44026000000000004
24.24,0.6239100000000001
24.25,0.7819699999999999
24.26,0.90841
24.27,0.99939
24.28,1.0531
24.29,1.0665
24.3,1.0413
24.31,0.98105
24.32,0.88623
24.33,0.76107
24.34,0.61059
24.35,0.441
24.36,0.25825
24.37,0.067957
24.38,-0.12358
24.39,-0.30939
24.4,-0.49703
24.41,-0.64176
24.42,-0.77708
24.43,-0.88439
24.44,-0.9601
24.45,-1.0018
24.46,-1.0084
24.47,-0.9774299999999999
24.48,-0.9117200000000001
24.49,-0.81184
24.5,-0.68261
24.51,-0.52571
24.52,-0.34818000000000005
24.53,-0.15605
24.54,0.044717
24.55,0.24575999999999998
24.56,0.43973999999999996
24.57,0.62031
24.58,0.78066
24.59,0.91432
24.6,1.0158
24.61,1.0793
24.62,1.1047
24.63,1.0894
24.64,1.0344
24.65,0.9408799999999999
24.66,0.81093
24.67,0.65122
24.68,0.4659
24.69,0.26306999999999997
24.7,0.050131
24.71,-0.16502
24.72,-0.37514000000000003
24.73,-0.57187
24.74,-0.74744
24.75,-0.8949799999999999
24.76,-1.0095
24.77,-1.0855
24.78,-1.1214
24.79,-1.1148
24.8,-1.0658
24.81,-0.97741
24.82,-0.85249
24.83,-0.69435
24.84,-0.5102300000000001
24.85,-0.30665
24.86,-0.091204
24.87,0.12724000000000002
24.88,0.34268000000000004
24.89,0.54606
24.9,0.7300399999999999
24.91,0.8864200000000001
24.92,1.0117
24.93,1.0981
24.94,1.1437
24.95,1.1454
24.96,1.1039
24.97,1.0216
24.98,0.8985
24.99,0.7408399999999999
25.0,0.5535800000000001
25.01,0.34515999999999997
25.02,0.12369000000000001
25.03,-0.1046
25.04,-0.32944
25.05,-0.54132
25.06,-0.73428
25.07,-0.89951
25.08,-1.0294
25.09,-1.119
25.1,-1.1640000000000001
25.11,-1.1635
25.12,-1.1173
25.13,-1.028
25.14,-0.89794
25.15,-0.73447
25.16,-0.54432
25.17,-0.33625
25.18,-0.11879
25.19,0.099085
25.2,0.30962
25.21,0.50107
25.22,0.67076
25.23,0.81143
25.24,0.9163899999999999
25.25,0.9823200000000001
25.26,1.0086
25.27,0.99415
25.28,0.9408
25.29,0.85382
25.3,0.7358100000000001
25.31,0.59516
25.32,0.43978
25.33,0.27495
25.34,0.10685
25.35,-0.057189
25.36,-0.21119000000000002
25.37,-0.34989000000000003
25.38,-0.47075
25.39,-0.56879
25.4,-0.64352
25.41,-0.69319
25.42,-0.71906
25.43,-0.7226199999999999
25.44,-0.70532
25.45,-0.66959
25.46,-0.61817
25.47,-0.55369
25.48,-0.47875
25.49,-0.39573
25.5,-0.3056
25.51,-0.21231
25.52,-0.11567999999999999
25.53,-0.016199
25.54,0.085347
25.55,0.18733
25.56,0.28863
25.57,0.38711
25.58,0.4801
25.59,0.56585
25.6,0.64173
25.61,0.70416
25.62,0.7495
25.63,0.77515
25.64,0.77603
25.65,0.75166
25.66,0.70124
25.67,0.6222
25.68,0.51564
25.69,0.38388
25.7,0.22954000000000002
25.71,0.05679
25.72,-0.12918
25.73,-0.32116999999999996
25.74,-0.5113
25.75,-0.69057
25.76,-0.84988
25.77,-0.98165
25.78,-1.0772
25.79,-1.1317
25.8,-1.14
25.81,-1.1015
25.82,-1.0159
25.83,-0.885
25.84,-0.71373
25.85,-0.5079100000000001
25.86,-0.27516999999999997
25.87,-0.026351
25.88,0.22838000000000003
25.89,0.47867
25.9,0.71231
25.91,0.9186799999999999
25.92,1.0877
25.93,1.2107
25.94,1.2837
25.95,1.3021
25.96,1.2670000000000001
25.97,1.1792
25.98,1.0424
25.99,0.8623299999999999
26.0,0.64917
26.01,0.41121
26.02,0.15934
26.03,-0.095707
26.04,-0.34301
26.05,-0.57292
26.06,-0.77673
26.07,-0.9456100000000001
26.08,-1.0708
26.09,-1.1505
26.1,-1.1793
26.11,-1.1625
26.12,-1.0979
26.13,-0.99046
26.14,-0.84609
26.15,-0.67188
26.16,-0.47441000000000005
26.17,-0.2641
26.18,-0.047823000000000004
26.19,0.16567
26.2,0.36974
26.21,0.5527
26.22,0.71409
26.23,0.8468700000000001
26.24,0.9461299999999999
26.25,1.0075
26.26,1.031
26.27,1.0175
26.28,0.96555
26.29,0.87889
26.3,0.76142
26.31,0.61957
26.32,0.45803999999999995
26.33,0.28246
26.34,0.098689
26.35,-0.086643
26.36,-0.26678
26.37,-0.43471000000000004
26.38,-0.5848399999999999
26.39,-0.71136
26.4,-0.80725
26.41,-0.87654
26.42,-0.90984
26.43,-0.9071600000000001
26.44,-0.8702
26.45,-0.79907
26.46,-0.6984
26.47,-0.57386
26.48,-0.42977
26.49,-0.27255
26.5,-0.1094
26.51,0.053394000000000004
26.52,0.21384
26.53,0.35367
26.54,0.47678999999999994
26.55,0.5739
26.56,0.6454
26.57,0.6883
26.58,0.69991
26.59,0.68358
26.6,0.64
26.61,0.57545
26.62,0.49168999999999996
26.63,0.39611
26.64,0.30175
26.65,0.18944
26.66,0.087103
26.67,-0.0071908
26.68,-0.09550299999999999
26.69,-0.1665
26.7,-0.22064
26.71,-0.25864000000000004
26.72,-0.28115999999999997
26.73,-0.28928000000000004
26.74,-0.28953
26.75,-0.28189000000000003
26.76,-0.27162
26.77,-0.26272
26.78,-0.2516
26.79,-0.25416
26.8,-0.25269
26.81,-0.26979000000000003
26.82,-0.28307
26.83,-0.3014
26.84,-0.32098000000000004
26.85,-0.33618000000000003
26.86,-0.34249
26.87,-0.33988
26.88,-0.31866
26.89,-0.27929
26.9,-0.2206
26.91,-0.12909
26.92,-0.027438999999999998
26.93,0.091041
26.94,0.21828000000000003
26.95,0.35538000000000003
26.96,0.49156000000000005
26.97,0.62057
26.98,0.7345
26.99,0.8255299999999999
27.0,0.8858
27.01,0.9087200000000001
27.02,0.8924799999999999
27.03,0.83657
27.04,0.73951
27.05,0.60627
27.06,0.44456
27.07,0.25071
27.08,0.036909
27.09,-0.19016
27.1,-0.41178000000000003
27.11,-0.62522
27.12,-0.8139
27.13,-0.96851
27.14,-1.0801
27.15,-1.1440000000000001
27.16,-1.1564
27.17,-1.1163
27.18,-1.0257
27.19,-0.88938
27.2,-0.7125
27.21,-0.5017699999999999
27.22,-0.26875
27.23,-0.021922
27.24,0.22746
27.25,0.46836000000000005
27.26,0.68904
27.27,0.8799899999999999
27.28,1.0324
27.29,1.1406
27.3,1.2008
27.31,1.2108
27.32,1.1726
27.33,1.0874
27.34,0.96131
27.35,0.79995
27.36,0.61092
27.37,0.40243
27.38,0.18200999999999998
27.39,-0.041457
27.4,-0.26106999999999997
27.41,-0.46799999999999997
27.42,-0.6552899999999999
27.43,-0.81695
27.44,-0.94696
27.45,-1.0423
27.46,-1.0993
27.47,-1.1183
27.48,-1.0982
27.49,-1.0411
27.5,-0.94991
27.51,-0.8274299999999999
27.52,-0.67716
27.53,-0.50547
27.54,-0.31737
27.55,-0.11871
27.56,0.084365
27.57,0.28508
27.58,0.47655
27.59,0.65194
27.6,0.8044600000000001
27.61,0.92648
27.62,1.0153
27.63,1.0661
27.64,1.0763
27.65,1.0457
27.66,0.9743200000000001
27.67,0.86511
27.68,0.7206
27.69,0.5454
27.7,0.34793
27.71,0.13513
27.72,-0.082743
27.73,-0.29828000000000005
27.74,-0.50234
27.75,-0.6852600000000001
27.76,-0.83899
27.77,-0.95586
27.78,-1.0313
27.79,-1.0612
27.8,-1.0516
27.81,-0.98731
27.82,-0.88645
27.83,-0.75075
27.84,-0.5868
27.85,-0.40312
27.86,-0.20747
27.87,-0.009614200000000002
27.88,0.18325
27.89,0.36194
27.9,0.51958
27.91,0.6493899999999999
27.92,0.7492
27.93,0.8146100000000001
27.94,0.84614
27.95,0.8441200000000001
27.96,0.81305
27.97,0.75605
27.98,0.6785399999999999
27.99,0.58505
28.0,0.48102
28.01,0.37188000000000004
28.02,0.26132
28.03,0.15288
28.04,0.046609
28.05,-0.052377
28.06,-0.14464000000000002
28.07,-0.23039
28.08,-0.3112
28.09,-0.38654
28.1,-0.45738999999999996
28.11,-0.52507
28.12,-0.58786
28.13,-0.64567
28.14,-0.6964100000000001
28.15,-0.73648
28.16,-0.76265
28.17,-0.7712600000000001
28.18,-0.7578
28.19,-0.71928
28.2,-0.65166
28.21,-0.5543600000000001
28.22,-0.4265
28.23,-0.26952
28.24,-0.085868
28.25,0.11745
28.26,0.33226999999999995
28.27,0.54989
28.28,0.75843
28.29,0.9462799999999999
28.3,1.0997
28.31,1.2143
28.32,1.2688
28.33,1.2746
28.34,1.2273
28.35,1.1117
28.36,0.9403
28.37,0.7137399999999999
28.38,0.4415
28.39,0.13527999999999998
28.4,-0.1874
28.41,-0.50656
28.42,-0.80293
28.43,-1.069
28.44,-1.2868
28.45,-1.4511
28.46,-1.5351
28.47,-1.544
28.48,-1.4668
28.49,-1.3243
28.5,-1.1194
28.51,-0.8511299999999999
28.52,-0.53938
28.53,-0.20398
28.54,0.13509000000000002
28.55,0.45418000000000003
28.56,0.75397
28.57,1.0063
28.58,1.2012
28.59,1.3262
28.6,1.3779
28.61,1.359
28.62,1.2631
28.63,1.1076
28.64,0.8987700000000001
28.65,0.6592399999999999
28.66,0.41095
28.67,0.1438
28.68,-0.10662
28.69,-0.33366999999999997
28.7,-0.51783
28.71,-0.65379
28.72,-0.7369
28.73,-0.7750100000000001
28.74,-0.7569899999999999
28.75,-0.6940000000000001
28.76,-0.58841
28.77,-0.46225
28.78,-0.32323
28.79,-0.2002
28.8,-0.079667
28.81,0.017639
28.82,0.085263
28.83,0.11617000000000001
28.84,0.1202
28.85,0.082773
28.86,0.015327
28.87,-0.08097599999999999
28.88,-0.18257
28.89,-0.27915999999999996
28.9,-0.34565999999999997
28.91,-0.40186
28.92,-0.42028999999999994
28.93,-0.39899999999999997
28.94,-0.33139
28.95,-0.21499000000000001
28.96,-0.063029
28.97,0.12130999999999999
28.98,0.32728
28.99,0.53469
29.0,0.74197
29.01,0.9296700000000001
29.02,1.0722
29.03,1.1612
29.04,1.1923
29.05,1.1667
29.06,1.0789
29.07,0.9223899999999999
29.08,0.70197
29.09,0.43199
29.1,0.12480999999999999
29.11,-0.2141
29.12,-0.55109
29.13,-0.8727
29.14,-1.1555
29.15,-1.3783
29.16,-1.5271
29.17,-1.6123
29.18,-1.6098
29.19,-1.5247
29.2,-1.3724
29.21,-1.1349
29.22,-0.8473299999999999
29.23,-0.5180100000000001
29.24,-0.16207
29.25,0.19789
29.26,0.54222
29.27,0.8548600000000001
29.28,1.1198
29.29,1.3227
29.3,1.456
29.31,1.5117
29.32,1.4956
29.33,1.4099
29.34,1.2612
29.35,1.0612
29.36,0.82478
29.37,0.5653100000000001
29.38,0.29644000000000004
29.39,0.031695
29.4,-0.21736999999999998
29.41,-0.44088999999999995
29.42,-0.62955
29.43,-0.77777
29.44,-0.8826799999999999
29.45,-0.9447399999999999
29.46,-0.96636
29.47,-0.9517700000000001
29.48,-0.9081799999999999
29.49,-0.84314
29.5,-0.76098
29.51,-0.66789
29.52,-0.57001
29.53,-0.47058
29.54,-0.37124
29.55,-0.27295
29.56,-0.17329
29.57,-0.072559
29.58,0.031076
29.59,0.14057
29.6,0.25865
29.61,0.3785
29.62,0.50512
29.63,0.63361
29.64,0.76044
29.65,0.8785799999999999
29.66,0.98013
29.67,1.0567
29.68,1.1012
29.69,1.1082
29.7,1.0715
29.71,0.98926
29.72,0.85908
29.73,0.68004
29.74,0.44703999999999994
29.75,0.18268
29.76,-0.11008
29.77,-0.4237
29.78,-0.7341300000000001
29.79,-1.0255
29.8,-1.2744
29.81,-1.4861
29.82,-1.632
29.83,-1.7037
29.84,-1.696
29.85,-1.6057
29.86,-1.4351
29.87,-1.1873
29.88,-0.87692
29.89,-0.51103
29.9,-0.10745
29.91,0.31511
29.92,0.7258
29.93,1.1053
29.94,1.4317
29.95,1.6957
29.96,1.8834
29.97,1.979
29.98,1.985
29.99,1.8951
30.0,1.7180000000000002
30.01,1.465
30.02,1.146
30.03,0.77046
30.04,0.36328
30.05,-0.051636
30.06,-0.45451
30.07,-0.82352
30.08,-1.1514
30.09,-1.41
30.1,-1.5986
30.11,-1.7006
30.12,-1.7198
30.13,-1.6586
30.14,-1.5352
30.15,-1.3332
30.16,-1.0859
30.17,-0.8014600000000001
30.18,-0.49567
30.19,-0.18535
30.2,0.11749000000000001
30.21,0.3972
30.22,0.6430100000000001
30.23,0.8469200000000001
30.24,1.0041
30.25,1.1093
30.26,1.1609
30.27,1.1656
30.28,1.1267
30.29,1.0489
30.3,0.94135
30.31,0.80975
30.32,0.66223
30.33,0.50592
30.34,0.34473000000000004
30.35,0.18766
30.36,0.036272000000000006
30.37,-0.10653
30.38,-0.23654
30.39,-0.35573
30.4,-0.46206
30.41,-0.56138
30.42,-0.6469
30.43,-0.71887
30.44,-0.7784300000000001
30.45,-0.8234
30.46,-0.8520200000000001
30.47,-0.86201
30.48,-0.85326
30.49,-0.8226
30.5,-0.76855
30.51,-0.6915
30.52,-0.5897899999999999
30.53,-0.4693
30.54,-0.32228
30.55,-0.15566
30.56,0.026574
30.57,0.21778000000000003
30.58,0.4096
30.59,0.6005199999999999
30.6,0.7729699999999999
30.61,0.9197299999999999
30.62,1.0367
30.63,1.1175
30.64,1.1554
30.65,1.1488
30.66,1.0959
30.67,0.99982
30.68,0.86216
30.69,0.68807
30.7,0.48418
30.71,0.25765
30.72,0.018869
30.73,-0.22194
30.74,-0.45408999999999994
30.75,-0.66766
30.76,-0.85424
30.77,-1.0048
30.78,-1.1138
30.79,-1.1774
30.8,-1.1925
30.81,-1.1607
30.82,-1.0836
30.83,-0.9656799999999999
30.84,-0.81287
30.85,-0.63144
30.86,-0.42948000000000003
30.87,-0.2146
30.88,0.004595
30.89,0.21988000000000002
30.9,0.42291000000000006
30.91,0.6070300000000001
30.92,0.7645
30.93,0.89059
30.94,0.98145
30.95,1.035
30.96,1.0487
30.97,1.0247
30.98,0.96405
30.99,0.8705
31.0,0.74695
31.01,0.59809
31.02,0.42932
31.03,0.24531
31.04,0.052323
31.05,-0.1433
31.06,-0.33592
31.07,-0.5185
31.08,-0.68457
31.09,-0.82811
31.1,-0.9419200000000001
31.11,-1.0259
31.12,-1.0724
31.13,-1.0803
31.14,-1.0490000000000002
31.15,-0.9796299999999999
31.16,-0.8735799999999999
31.17,-0.73535
31.18,-0.56928
31.19,-0.3805
31.2,-0.17595999999999998
31.21,0.036962
31.22,0.25059000000000003
31.23,0.45706
31.24,0.64751
31.25,0.81516
31.26,0.95139
31.27,1.0531
31.28,1.1143
31.29,1.1334
31.3,1.1092
31.31,1.0449
31.32,0.94255
31.33,0.80792
31.34,0.64667
31.35,0.46626000000000006
31.36,0.27335
31.37,0.075738
31.38,-0.1183
31.39,-0.30217
31.4,-0.46802
31.41,-0.6110300000000001
31.42,-0.72615
31.43,-0.81005
31.44,-0.86045
31.45,-0.8772700000000001
31.46,-0.8623
31.47,-0.8172699999999999
31.48,-0.74585
31.49,-0.65241
31.5,-0.5416300000000001
31.51,-0.41794
31.52,-0.28565999999999997
31.53,-0.1501
31.54,-0.013489
31.55,0.12007000000000001
31.56,0.24789
31.57,0.36662
31.58,0.47418000000000005
31.59,0.56839
31.6,0.64693
31.61,0.7086899999999999
31.62,0.75092
31.63,0.77364
31.64,0.77562
31.65,0.7558
31.66,0.7136600000000001
31.67,0.65147
31.68,0.5681
31.69,0.46506000000000003
31.7,0.3422
31.71,0.20274
31.72,0.049236
31.73,-0.11442000000000001
31.74,-0.28269
31.75,-0.45066000000000006
31.76,-0.61036
31.77,-0.75881
31.78,-0.8856700000000001
31.79,-0.98475
31.8,-1.0516
31.81,-1.0807
31.82,-1.0693
31.83,-1.0173
31.84,-0.9251299999999999
31.85,-0.79395
31.86,-0.62841
31.87,-0.43296999999999997
31.88,-0.21588000000000002
31.89,0.015111000000000001
31.9,0.25101999999999997
31.91,0.48058
31.92,0.69295
31.93,0.87916
31.94,1.0282
31.95,1.136
31.96,1.1962
31.97,1.2071
31.98,1.1679
31.99,1.0803
32.0,0.9489
32.01,0.77849
32.02,0.57812
32.03,0.35564
32.04,0.12136
32.05,-0.11392999999999999
32.06,-0.34042
32.07,-0.54919
32.08,-0.73036
32.09,-0.8776799999999999
32.1,-0.98569
32.11,-1.0493
32.12,-1.0691
32.13,-1.0445
32.14,-0.97934
32.15,-0.8776200000000001
32.16,-0.74575
32.17,-0.5906899999999999
32.18,-0.41857
32.19,-0.2371
32.2,-0.055357
32.21,0.1226
32.22,0.28962
32.23,0.44151999999999997
32.24,0.5734899999999999
32.25,0.68109
32.26,0.76337
32.27,0.81798
32.28,0.8468899999999999
32.29,0.84906
32.3,0.82752
32.31,0.78471
32.32,0.72121
32.33,0.6403300000000001
32.34,0.5445
32.35,0.43653000000000003
32.36,0.32075
32.37,0.19885999999999998
32.38,0.072893
32.39,-0.055236
32.4,-0.18428
32.41,-0.30985
32.42,-0.42844
32.43,-0.53774
32.44,-0.63489
32.45,-0.71716
32.46,-0.78267
32.47,-0.82776
32.48,-0.8487299999999999
32.49,-0.8477100000000001
32.5,-0.82201
32.51,-0.77123
32.52,-0.69668
32.53,-0.59615
32.54,-0.47531
32.55,-0.33486
32.56,-0.17849
32.57,-0.012699
32.58,0.1597
32.59,0.33036
32.6,0.49265
32.61,0.64376
32.62,0.77291
32.63,0.8761700000000001
32.64,0.9489799999999999
32.65,0.9878100000000001
32.66,0.9890100000000001
32.67,0.9533799999999999
32.68,0.8811200000000001
32.69,0.7769699999999999
32.7,0.6421899999999999
32.71,0.4813
32.72,0.29855
32.73,0.099467
32.74,-0.11392000000000001
32.75,-0.32969
32.76,-0.53896
32.77,-0.7306
32.78,-0.90371
32.79,-1.0454
32.8,-1.15
32.81,-1.2159
32.82,-1.2349
32.83,-1.2087
32.84,-1.1384
32.85,-1.032
32.86,-0.88075
32.87,-0.69343
32.88,-0.46974
32.89,-0.2289
32.9,0.027372000000000004
32.91,0.29041
32.92,0.54568
32.93,0.78501
32.94,0.9972700000000001
32.95,1.1715
32.96,1.3009
32.97,1.3794
32.98,1.4023
32.99,1.3696
33.0,1.2822
33.01,1.1433
33.02,0.9597
33.03,0.7357600000000001
33.04,0.4785
33.05,0.19752999999999998
33.06,-0.095862
33.07,-0.38981
33.08,-0.6705399999999999
33.09,-0.9249299999999999
33.1,-1.1440000000000001
33.11,-1.3057
33.12,-1.4128
33.13,-1.4569999999999999
33.14,-1.4369
33.15,-1.3533
33.16,-1.2116
33.17,-1.0164
33.18,-0.77774
33.19,-0.50547
33.2,-0.21111
33.21,0.091549
33.22,0.39000999999999997
33.23,0.67127
33.24,0.92291
33.25,1.1326
33.26,1.2902
33.27,1.3916
33.28,1.4323
33.29,1.4115
33.3,1.3330000000000002
33.31,1.202
33.32,1.0282
33.33,0.81912
33.34,0.58618
33.35,0.33916
33.36,0.09070399999999999
33.37,-0.14859
33.38,-0.36861
33.39,-0.5593199999999999
33.4,-0.71692
33.41,-0.83634
33.42,-0.91361
33.43,-0.9482
33.44,-0.94153
33.45,-0.8985799999999999
33.46,-0.8245899999999999
33.47,-0.72715
33.48,-0.61114
33.49,-0.48391999999999996
33.5,-0.35188
33.51,-0.22205999999999998
33.52,-0.097037
33.53,0.019328
33.54,0.12046
33.55,0.21011
33.56,0.28329
33.57,0.34473000000000004
33.58,0.39588
33.59,0.43648000000000003
33.6,0.46858999999999995
33.61,0.49394
33.62,0.51135
33.63,0.5220899999999999
33.64,0.52783
33.65,0.52717
33.66,0.5142399999999999
33.67,0.48891
33.68,0.45195
33.69,0.40095
33.7,0.33881
33.71,0.25524
33.72,0.14989
33.73,0.035548
33.74,-0.090852
33.75,-0.22200999999999999
33.76,-0.37154
33.77,-0.51326
33.78,-0.64754
33.79,-0.76646
33.8,-0.8650899999999999
33.81,-0.9362
33.82,-0.9721200000000001
33.83,-0.9695
33.84,-0.92817
33.85,-0.84944
33.86,-0.7289399999999999
33.87,-0.57328
33.88,-0.38619000000000003
33.89,-0.17603
33.9,0.052199
33.91,0.28458
33.92,0.50968
33.93,0.7187600000000001
33.94,0.9021399999999999
33.95,1.0493
33.96,1.1537
33.97,1.2094
33.98,1.2136
33.99,1.1665
34.0,1.0687
34.01,0.92576
34.02,0.74256
34.03,0.5280600000000001
34.04,0.29258
34.05,0.045206
34.06,-0.20354
34.07,-0.44397
34.08,-0.6657
34.09,-0.85759
34.1,-1.0132
34.11,-1.1237
34.12,-1.1876
34.13,-1.2024
34.14,-1.1685
34.15,-1.0891
34.16,-0.96619
34.17,-0.8078
34.18,-0.62021
34.19,-0.41316
34.2,-0.19487000000000002
34.21,0.025697
34.22,0.24156999999999998
34.23,0.44487
34.24,0.6282
34.25,0.78562
34.26,0.91141
34.27,1.0015
34.28,1.0543
34.29,1.0667
34.3,1.0404
34.31,0.9793700000000001
34.32,0.88366
34.33,0.75779
34.34,0.6066600000000001
34.35,0.43654
34.36,0.25347
34.37,0.062983
34.38,-0.12863
34.39,-0.31425
34.4,-0.49343000000000004
34.41,-0.6460100000000001
34.42,-0.78082
34.43,-0.8873700000000001
34.44,-0.9621700000000001
34.45,-1.0029
34.46,-1.0085
34.47,-0.97669
34.48,-0.9099
34.49,-0.80921
34.5,-0.67925
34.51,-0.52163
34.52,-0.34348
34.53,-0.15105
34.54,0.049951999999999996
34.55,0.25106999999999996
34.56,0.44492
34.57,0.6251899999999999
34.58,0.7851100000000001
34.59,0.9181799999999999
34.6,1.0188
34.61,1.0815
34.62,1.1059999999999999
34.63,1.0896
34.64,1.0335
34.65,0.93904
34.66,0.80814
34.67,0.64752
34.68,0.46147
34.69,0.25803000000000004
34.7,0.044639
34.71,-0.17077
34.72,-0.38090999999999997
34.73,-0.57743
34.74,-0.75276
34.75,-0.89966
34.76,-1.013
34.77,-1.0885
34.78,-1.1233
34.79,-1.1157
34.8,-1.0656
34.81,-0.9761200000000001
34.82,-0.85005
34.83,-0.69091
34.84,-0.50588
34.85,-0.30154000000000003
34.86,-0.08552699999999999
34.87,0.1333
34.88,0.34881999999999996
34.89,0.55225
34.9,0.73593
34.91,0.8919799999999999
34.92,1.0164
34.93,1.1019
34.94,1.1464
34.95,1.147
34.96,1.1042
34.97,1.0207
34.98,0.8964700000000001
34.99,0.73764
35.0,0.54929
35.01,0.33985
35.02,0.11782000000000001
35.03,-0.11097
35.04,-0.33603
35.05,-0.54804
35.06,-0.7408
35.07,-0.90559
35.08,-1.0355
35.09,-1.1235
35.1,-1.1674
35.11,-1.1658
35.12,-1.1184
35.13,-1.0276
35.14,-0.8963399999999999
35.15,-0.7316
35.16,-0.5403
35.17,-0.33119
35.18,-0.1123
35.19,0.10633
35.2,0.31731
35.21,0.5084
35.22,0.67811
35.23,0.81838
35.24,0.9228700000000001
35.25,0.9867799999999999
35.26,1.0132
35.27,0.99734
35.28,0.94268
35.29,0.8543700000000001
35.3,0.73483
35.31,0.5929
35.32,0.43611000000000005
35.33,0.27005
35.34,0.1009
35.35,-0.064013
35.36,-0.21874000000000002
35.37,-0.35768
35.38,-0.47863999999999995
35.39,-0.57644
35.4,-0.6509199999999999
35.41,-0.6996899999999999
35.42,-0.72454
35.43,-0.7268600000000001
35.44,-0.70811
35.45,-0.67102
35.46,-0.61803
35.47,-0.55194
35.48,-0.4754
35.49,-0.39107
35.5,-0.29965
35.51,-0.20528000000000002
35.52,-0.10782
35.53,-0.0077694
35.54,0.094314
35.55,0.19598
35.56,0.2968
35.57,0.39465
35.58,0.48665
35.59,0.57115
35.6,0.6453300000000001
35.61,0.70652
35.62,0.75013
35.63,0.7741
35.64,0.7731600000000001
35.65,0.7472
35.66,0.69543
35.67,0.61502
35.68,0.50761
35.69,0.37498000000000004
35.7,0.22027
35.71,0.047356
35.72,-0.1383
35.73,-0.32976
35.74,-0.51893
35.75,-0.69709
35.76,-0.85508
35.77,-0.98498
35.78,-1.0787
35.79,-1.1311
35.8,-1.1382
35.81,-1.0974
35.82,-1.0103
35.83,-0.8781200000000001
35.84,-0.70567
35.85,-0.49905
35.86,-0.26564
35.87,-0.016694
35.88,0.23794
35.89,0.48766000000000004
35.9,0.7198399999999999
35.91,0.92561
35.92,1.0933
35.93,1.2151
35.94,1.2855
35.95,1.3026
35.96,1.2655
35.97,1.176
35.98,1.0375
35.99,0.8559
36.0,0.64163
36.01,0.4025
36.02,0.14995999999999998
36.03,-0.1053
36.04,-0.35247
36.05,-0.58223
36.06,-0.7853899999999999
36.07,-0.95309
36.08,-1.0772
36.09,-1.1552
36.1,-1.1843
36.11,-1.1639
36.12,-1.0973
36.13,-0.98819
36.14,-0.84191
36.15,-0.66625
36.16,-0.46731000000000006
36.17,-0.25582
36.18,-0.038668
36.19,0.17540999999999998
36.2,0.37446
36.21,0.5625399999999999
36.22,0.7236100000000001
36.23,0.85514
36.24,0.9537399999999999
36.25,1.0135
36.26,1.0355
36.27,1.0204
36.28,0.96631
36.29,0.87787
36.3,0.75839
36.31,0.61478
36.32,0.45158999999999994
36.33,0.27495
36.34,0.089658
36.35,-0.09649500000000001
36.36,-0.27723000000000003
36.37,-0.44566000000000006
36.38,-0.59527
36.39,-0.7216
36.4,-0.8194899999999999
36.41,-0.8839600000000001
36.42,-0.91576
36.43,-0.9114200000000001
36.44,-0.87239
36.45,-0.79937
36.46,-0.6967399999999999
36.47,-0.57008
36.48,-0.42399
36.49,-0.26519000000000004
36.5,-0.1002
36.51,0.063739
36.52,0.22419
36.53,0.36791999999999997
36.54,0.48699
36.55,0.5847100000000001
36.56,0.65569
36.57,0.6974199999999999
36.58,0.7076
36.59,0.68958
36.6,0.6443
36.61,0.5773
36.62,0.49135
36.63,0.39344
36.64,0.29707
36.65,0.18282
36.66,0.078822
36.67,-0.016846
36.68,-0.11105999999999999
36.69,-0.17804
36.7,-0.23098000000000002
36.71,-0.2705
36.72,-0.29275
36.73,-0.29986
36.74,-0.29925999999999997
36.75,-0.28974
36.76,-0.27656
36.77,-0.26681
36.78,-0.25453000000000003
36.79,-0.25369
36.8,-0.25845999999999997
36.81,-0.26456
36.82,-0.27571999999999997
36.83,-0.29273000000000005
36.84,-0.3107
36.85,-0.32476
36.86,-0.33052
36.87,-0.32748
36.88,-0.3065
36.89,-0.26799
36.9,-0.20701
36.91,-0.11989000000000001
36.92,-0.019316999999999997
36.93,0.097456
36.94,0.22199000000000002
36.95,0.35681
36.96,0.49058
36.97,0.6173
36.98,0.7290300000000001
36.99,0.81831
37.0,0.87736
37.01,0.8985799999999999
37.02,0.8817299999999999
37.03,0.82505
37.04,0.72783
37.05,0.59526
37.06,0.43463
37.07,0.2412
37.08,0.027632999999999998
37.09,-0.19677
37.1,-0.41608
37.11,-0.62803
37.12,-0.8145399999999999
37.13,-0.9673299999999999
37.14,-1.0768
37.15,-1.1391
37.16,-1.1496
37.17,-1.1081
37.18,-1.0166
37.19,-0.8795299999999999
37.2,-0.70213
37.21,-0.4919
37.22,-0.25883
37.23,-0.012669
37.24,0.2359
37.25,0.47545
37.26,0.69458
37.27,0.88389
37.28,1.0344
37.29,1.1411
37.3,1.1991
37.31,1.2075
37.32,1.1675
37.33,1.081
37.34,0.9539799999999999
37.35,0.79159
37.36,0.60223
37.37,0.39328
37.38,0.17302
37.39,-0.050242
37.4,-0.26855
37.41,-0.47498999999999997
37.42,-0.66132
37.43,-0.8216100000000001
37.44,-0.95
37.45,-1.0438
37.46,-1.0991
37.47,-1.1164
37.48,-1.0949
37.49,-1.0364
37.5,-0.9439200000000001
37.51,-0.8203600000000001
37.52,-0.66943
37.53,-0.49723999999999996
37.54,-0.30896999999999997
37.55,-0.11039000000000002
37.56,0.092374
37.57,0.29243
37.58,0.48307
37.59,0.6573899999999999
37.6,0.8086300000000001
37.61,0.9290299999999999
37.62,1.0165
37.63,1.0659
37.64,1.0744
37.65,1.0424
37.66,0.9698
37.67,0.8594
37.68,0.71385
37.69,0.53799
37.7,0.34005
37.71,0.12713
37.72,-0.090766
37.73,-0.30601
37.74,-0.5092800000000001
37.75,-0.69157
37.76,-0.8443
37.77,-0.96055
37.78,-1.0339
37.79,-1.0624
37.8,-1.0463
37.81,-0.9854299999999999
37.82,-0.88313
37.83,-0.74603
37.84,-0.58105
37.85,-0.39626999999999996
37.86,-0.19992000000000001
37.87,-0.0015354000000000001
37.88,0.19157000000000002
37.89,0.37024
37.9,0.52752
37.91,0.6567
37.92,0.75563
37.93,0.8199299999999999
37.94,0.8502299999999999
37.95,0.84667
37.96,0.81412
37.97,0.75566
37.98,0.67656
37.99,0.5815899999999999
38.0,0.47623000000000004
38.01,0.36584
38.02,0.25447
38.03,0.14531
38.04,0.038551
38.05,-0.061101
38.06,-0.15270999999999998
38.07,-0.23813
38.08,-0.31828
38.09,-0.39276
38.1,-0.46252
38.11,-0.52881
38.12,-0.59016
38.13,-0.6459699999999999
38.14,-0.6956399999999999
38.15,-0.7342
38.16,-0.75878
38.17,-0.7663300000000001
38.18,-0.75176
38.19,-0.71235
38.2,-0.6441100000000001
38.21,-0.54633
38.22,-0.41841999999999996
38.23,-0.26145
38.24,-0.07839
38.25,0.12424
38.26,0.3382
38.27,0.55467
38.28,0.7619600000000001
38.29,0.94831
38.3,1.1003
38.31,1.2131
38.32,1.2662
38.33,1.2706
38.34,1.2221
38.35,1.1056
38.36,0.93366
38.37,0.70644
38.38,0.43356999999999996
38.39,0.12715
38.4,-0.19535999999999998
38.41,-0.5140600000000001
38.42,-0.80865
38.43,-1.0754
38.44,-1.2914
38.45,-1.4543
38.46,-1.537
38.47,-1.5442
38.48,-1.4655
38.49,-1.3215
38.5,-1.1153
38.51,-0.84577
38.52,-0.53294
38.53,-0.1971
38.54,0.14300000000000002
38.55,0.46231000000000005
38.56,0.76274
38.57,1.0153
38.58,1.2091
38.59,1.3332
38.6,1.3837
38.61,1.3636
38.62,1.2662
38.63,1.109
38.64,0.89869
38.65,0.65759
38.66,0.40762
38.67,0.13882
38.68,-0.11267
38.69,-0.34071999999999997
38.7,-0.52562
38.71,-0.66304
38.72,-0.74547
38.73,-0.784
38.74,-0.76562
38.75,-0.70195
38.76,-0.5953
38.77,-0.46788
38.78,-0.3275
38.79,-0.20295
38.8,-0.080742
38.81,0.018328999999999998
38.82,0.08766900000000001
38.83,0.12075
38.84,0.12197000000000001
38.85,0.089515
38.86,0.02309
38.87,-0.07230299999999999
38.88,-0.17347
38.89,-0.28561
38.9,-0.3369
38.91,-0.39339
38.92,-0.41286000000000006
38.93,-0.39277
38.94,-0.32642
38.95,-0.21336999999999998
38.96,-0.06312000000000001
38.97,0.12137
38.98,0.32564
38.99,0.53147
39.0,0.7373
39.01,0.92365
39.02,1.0651
39.03,1.1534
39.04,1.1842
39.05,1.1585
39.06,1.0703
39.07,0.91464
39.08,0.69467
39.09,0.4255
39.1,0.11940999999999999
39.11,-0.21921
39.12,-0.55397
39.13,-0.8739299999999999
39.14,-1.1551
39.15,-1.3789
39.16,-1.5239
39.17,-1.6081
39.18,-1.6045
39.19,-1.5187
39.2,-1.3659
39.21,-1.1284
39.22,-0.84045
39.23,-0.51134
39.24,-0.1558
39.25,0.2036
39.26,0.54709
39.27,0.8588100000000001
39.28,1.1221
39.29,1.3237
39.3,1.4537
39.31,1.5111
39.32,1.4937
39.33,1.4072
39.34,1.2574
39.35,1.0565
39.36,0.8196100000000001
39.37,0.55972
39.38,0.29067
39.39,0.026041
39.4,-0.25201
39.41,-0.44641000000000003
39.42,-0.63442
39.43,-0.78188
39.44,-0.8858799999999999
39.45,-0.94685
39.46,-0.96703
39.47,-0.95188
39.48,-0.9071899999999999
39.49,-0.84129
39.5,-0.75757
39.51,-0.66432
39.52,-0.56584
39.53,-0.4659
39.54,-0.36615
39.55,-0.26763000000000003
39.56,-0.16809000000000002
39.57,-0.067506
39.58,0.035783999999999996
39.59,0.14468
39.6,0.25853000000000004
39.61,0.3809
39.62,0.5067699999999999
39.63,0.63444
39.64,0.76045
39.65,0.87766
39.66,0.9778899999999999
39.67,1.0537
39.68,1.0976
39.69,1.1042
39.7,1.0671
39.71,0.98435
39.72,0.8538899999999999
39.73,0.67502
39.74,0.44264
39.75,0.17855
39.76,-0.11469000000000001
39.77,-0.42682
39.78,-0.7366
39.79,-1.0270000000000001
39.8,-1.2752
39.81,-1.4858
39.82,-1.6302
39.83,-1.7019
39.84,-1.6935
39.85,-1.6023
39.86,-1.4313
39.87,-1.1832
39.88,-0.8732700000000001
39.89,-0.50634
39.9,-0.10295
39.91,0.31956
39.92,0.73007
39.93,1.1091
39.94,1.4345
39.95,1.6997
39.96,1.8849
39.97,1.9795
39.98,1.9841
39.99,1.8938
40.0,1.7086
40.01,1.4621
40.02,1.1426
40.03,0.7657
40.04,0.35867
40.05,-0.056264999999999996
40.06,-0.45933
40.07,-0.8298700000000001
40.08,-1.1553
40.09,-1.4152
40.1,-1.6022
40.11,-1.7026
40.12,-1.7212
40.13,-1.6593
40.14,-1.5349
40.15,-1.3319
40.16,-1.0838
40.17,-0.7985800000000001
40.18,-0.49199
40.19,-0.18116
40.2,0.12309
40.21,0.40166
40.22,0.6479699999999999
40.23,0.8518600000000001
40.24,1.0088
40.25,1.1132
40.26,1.1644
40.27,1.1681
40.28,1.1282
40.29,1.0497
40.3,0.94105
40.31,0.80834
40.32,0.66014
40.33,0.50303
40.34,0.34107
40.35,0.18342
40.36,0.031653
40.37,-0.11094000000000001
40.38,-0.24147
40.39,-0.36049000000000003
40.4,-0.46858999999999995
40.41,-0.56576
40.42,-0.6502100000000001
40.43,-0.72032
40.44,-0.78027
40.45,-0.8243
40.46,-0.8517899999999999
40.47,-0.86026
40.48,-0.85145
40.49,-0.8199299999999999
40.5,-0.76513
40.51,-0.68765
40.52,-0.5854699999999999
40.53,-0.46481999999999996
40.54,-0.31845
40.55,-0.15106
40.56,0.030831
40.57,0.22158000000000003
40.58,0.41285
40.59,0.60318
40.6,0.77308
40.61,0.92085
40.62,1.0369
40.63,1.1169
40.64,1.1540000000000001
40.65,1.1465
40.66,1.0932
40.67,0.99618
40.68,0.8583799999999999
40.69,0.68389
40.7,0.48018999999999995
40.71,0.25375
40.72,0.014990999999999999
40.73,-0.22546999999999998
40.74,-0.45697
40.75,-0.67027
40.76,-0.85606
40.77,-1.006
40.78,-1.1147
40.79,-1.1771
40.8,-1.1917
40.81,-1.1591
40.82,-1.0814
40.83,-0.96304
40.84,-0.8096399999999999
40.85,-0.62797
40.86,-0.42595
40.87,-0.21084
40.88,0.0082101
40.89,0.22339
40.9,0.42591999999999997
40.91,0.6100300000000001
40.92,0.76671
40.93,0.8923200000000001
40.94,0.98255
40.95,1.0351
40.96,1.0485
40.97,1.0234
40.98,0.9625100000000001
40.99,0.86818
41.0,0.74446
41.01,0.595
41.02,0.4259
41.03,0.24176999999999998
41.04,0.048747000000000006
41.05,-0.14677
41.06,-0.33910999999999997
41.07,-0.52153
41.08,-0.68725
41.09,-0.83016
41.1,-0.94245
41.11,-1.0268
41.12,-1.0726
41.13,-1.0795
41.14,-1.0478
41.15,-0.97765
41.16,-0.8712
41.17,-0.7326600000000001
41.18,-0.56601
41.19,-0.37719
41.2,-0.17259000000000002
41.21,0.040348
41.22,0.25382
41.23,0.45991000000000004
41.24,0.6502600000000001
41.25,0.81721
41.26,0.9532299999999999
41.27,1.0539
41.28,1.1149
41.29,1.1331
41.3,1.1085
41.31,1.0434
41.32,0.94055
41.33,0.8054
41.34,0.64381
41.35,0.46323000000000003
41.36,0.27011999999999997
41.37,0.072465
41.38,-0.12149000000000001
41.39,-0.30528
41.4,-0.47084
41.41,-0.61363
41.42,-0.7280800000000001
41.43,-0.81161
41.44,-0.86121
41.45,-0.8777
41.46,-0.86179
41.47,-0.81626
41.48,-0.74446
41.49,-0.65036
41.5,-0.53908
41.51,-0.41513
41.52,-0.28265999999999997
41.53,-0.14701
41.54,-0.010324
41.55,0.12318
41.56,0.25079
41.57,0.36915
41.58,0.47686999999999996
41.59,0.5708
41.6,0.6482899999999999
41.61,0.7096399999999999
41.62,0.7507
41.63,0.7731899999999999
41.64,0.77471
41.65,0.75416
41.66,0.7115600000000001
41.67,0.6488
41.68,0.56545
41.69,0.46203
41.7,0.33926999999999996
41.71,0.19952999999999999
41.72,0.046187
41.73,-0.11729
41.74,-0.28526999999999997
41.75,-0.45276000000000005
41.76,-0.61327
41.77,-0.7599
41.78,-0.8859600000000001
41.79,-0.98465
41.8,-1.0512
41.81,-1.0792
41.82,-1.0677
41.83,-1.0152
41.84,-0.92255
41.85,-0.7913899999999999
41.86,-0.62545
41.87,-0.43025
41.88,-0.21314
41.89,0.017846
41.9,0.25331
41.91,0.48275
41.92,0.69479
41.93,0.88015
41.94,1.0291
41.95,1.136
41.96,1.1964
41.97,1.2061
41.98,1.1666
41.99,1.0786
42.0,0.9464
42.01,0.77623
42.02,0.5754
42.03,0.353
42.04,0.11857999999999999
42.05,-0.11657000000000001
42.06,-0.34295
42.07,-0.5512600000000001
42.08,-0.73228
42.09,-0.8791899999999999
42.1,-0.9862200000000001
42.11,-1.0502
42.12,-1.0689
42.13,-1.0441
42.14,-0.9785200000000001
42.15,-0.8761200000000001
42.16,-0.74415
42.17,-0.5884
42.18,-0.41621
42.19,-0.23449
42.2,-0.051832
42.21,0.12533
42.22,0.29212
42.23,0.44395
42.24,0.5754600000000001
42.25,0.68288
42.26,0.76443
42.27,0.81894
42.28,0.8472200000000001
42.29,0.84908
42.3,0.82825
42.31,0.78388
42.32,0.7197899999999999
42.33,0.63862
42.34,0.54238
42.35,0.43423
42.36,0.31845999999999997
42.37,0.19633
42.38,0.070439
42.39,-0.057543
42.4,-0.18627
42.41,-0.31175
42.42,-0.4302
42.43,-0.53875
42.44,-0.63583
42.45,-0.7177
42.46,-0.78249
42.47,-0.82695
42.48,-0.8476299999999999
42.49,-0.8463799999999999
42.5,-0.82015
42.51,-0.7693399999999999
42.52,-0.6945100000000001
42.53,-0.59378
42.54,-0.47295
42.55,-0.3324
42.56,-0.17651
42.57,-0.010804000000000001
42.58,0.16127
42.59,0.33159
42.6,0.49513
42.61,0.64446
42.62,0.7729199999999999
42.63,0.8758
42.64,0.9483799999999999
42.65,0.9864700000000001
42.66,0.98764
42.67,0.9514
42.68,0.87931
42.69,0.77477
42.7,0.64047
42.71,0.47916000000000003
42.72,0.29675999999999997
42.73,0.096359
42.74,-0.11574000000000001
42.75,-0.33115
42.76,-0.5403899999999999
42.77,-0.7335
42.78,-0.9043200000000001
42.79,-1.0451
42.8,-1.15
42.81,-1.2154
42.82,-1.2335
42.83,-1.2073
42.84,-1.137
42.85,-1.0302
42.86,-0.8784200000000001
42.87,-0.6917
42.88,-0.46786000000000005
42.89,-0.22708000000000003
42.9,0.029244
42.91,0.29181
42.92,0.5465
42.93,0.78581
42.94,0.99702
42.95,1.1718
42.96,1.3006
42.97,1.3787
42.98,1.4015
42.99,1.3685
43.0,1.281
43.01,1.1422
43.02,0.9575899999999999
43.03,0.73451
43.04,0.47676999999999997
43.05,0.19601
43.06,-0.097385
43.07,-0.39078
43.08,-0.67156
43.09,-0.9258200000000001
43.1,-1.1409
43.11,-1.306
43.12,-1.4128
43.13,-1.4562
43.14,-1.4362
43.15,-1.3528
43.16,-1.2101
43.17,-1.0151
43.18,-0.77654
43.19,-0.50412
43.2,-0.20954
43.21,0.0928
43.22,0.39132
43.23,0.67233
43.24,0.9240299999999999
43.25,1.133
43.26,1.2911
43.27,1.3916
43.28,1.4327
43.29,1.4111
43.3,1.3329
43.31,1.2014
43.32,1.0271
43.33,0.8182
43.34,0.58491
43.35,0.33779000000000003
43.36,0.089492
43.37,-0.15006
43.38,-0.36893000000000004
43.39,-0.5606399999999999
43.4,-0.7179300000000001
43.41,-0.83734
43.42,-0.91379
43.43,-0.94868
43.44,-0.9417399999999999
43.45,-0.8986700000000001
43.46,-0.8245399999999999
43.47,-0.72656
43.48,-0.61052
43.49,-0.48318
43.5,-0.3514
43.51,-0.22096999999999997
43.52,-0.096086
43.53,0.02018
43.54,0.12155999999999999
43.55,0.21120999999999998
43.56,0.28429
43.57,0.34551
43.58,0.39662
43.59,0.43695
43.6,0.46878000000000003
43.61,0.49407
43.62,0.51137
43.63,0.5233899999999999
43.64,0.52761
43.65,0.52662
43.66,0.51083
43.67,0.48823999999999995
43.68,0.45077
43.69,0.39999
43.7,0.33753
43.71,0.25519000000000003
43.72,0.14876
43.73,0.035704
43.74,-0.091554
43.75,-0.22455
43.76,-0.37222
43.77,-0.51385
43.78,-0.6477
43.79,-0.7661399999999999
43.8,-0.86492
43.81,-0.93553
43.82,-0.97135
43.83,-0.96899
43.84,-0.92696
43.85,-0.8486100000000001
43.86,-0.72828
43.87,-0.57221
43.88,-0.38527
43.89,-0.17525
43.9,0.052324
43.91,0.28520999999999996
43.92,0.5100399999999999
43.93,0.71933
43.94,0.9020799999999999
43.95,1.0496
43.96,1.1533
43.97,1.2094
43.98,1.2132
43.99,1.1657
44.0,1.0682
44.01,0.92479
44.02,0.7420399999999999
44.03,0.52715
44.04,0.29179
44.05,0.044438
44.06,-0.20423
44.07,-0.44473
44.08,-0.6660699999999999
44.09,-0.85946
44.1,-1.0136
44.11,-1.1237
44.12,-1.1878
44.13,-1.2021
44.14,-1.1684
44.15,-1.0882
44.16,-0.9656100000000001
44.17,-0.80738
44.18,-0.61954
44.19,-0.41248
44.2,-0.19380999999999998
44.21,0.026508999999999998
44.22,0.24170999999999998
44.23,0.44548000000000004
44.24,0.62888
44.25,0.7862399999999999
44.26,0.91175
44.27,1.0019
44.28,1.0541
44.29,1.0669
44.3,1.0415
44.31,0.97935
44.32,0.8832899999999999
44.33,0.75717
44.34,0.60606
44.35,0.43575
44.36,0.25284
44.37,0.062292999999999994
44.38,-0.12945
44.39,-0.31495
44.4,-0.49388000000000004
44.41,-0.64645
44.42,-0.78135
44.43,-0.88739
44.44,-0.9624
44.45,-1.003
44.46,-1.0088
44.47,-0.97685
44.48,-0.9094899999999999
44.49,-0.80881
44.5,-0.6786399999999999
44.51,-0.52103
44.52,-0.3429
44.53,-0.1503
44.54,0.050702
44.55,0.25179
44.56,0.44577
44.57,0.62584
44.58,0.78588
44.59,0.91874
44.6,1.0157
44.61,1.0818
44.62,1.1058
44.63,1.0899
44.64,1.0332
44.65,0.93863
44.66,0.80792
44.67,0.64673
44.68,0.46113000000000004
44.69,0.25711
44.7,0.044680000000000004
44.71,-0.1715
44.72,-0.3817
44.73,-0.57822
44.74,-0.75358
44.75,-0.9002899999999999
44.76,-1.0137
44.77,-1.0888
44.78,-1.1238
44.79,-1.1155
44.8,-1.0655
44.81,-0.97601
44.82,-0.84962
44.83,-0.6906100000000001
44.84,-0.5052300000000001
44.85,-0.30088000000000004
44.86,-0.084718
44.87,0.13434000000000001
44.88,0.3497
44.89,0.55298
44.9,0.73268
44.91,0.89274
44.92,1.0169
44.93,1.1027
44.94,1.1464
44.95,1.1475
44.96,1.1043
44.97,1.0204
44.98,0.8963899999999999
44.99,0.7371
45.0,0.54866
45.01,0.33928
45.02,0.11702
45.03,-0.11189
45.04,-0.33694
45.05,-0.5489999999999999
45.06,-0.74156
45.07,-0.9065799999999999
45.08,-1.0364
45.09,-1.1241
45.1,-1.1683
45.11,-1.1658
45.12,-1.1187
45.13,-1.0276
45.14,-0.8961100000000001
45.15,-0.7313
45.16,-0.5397
45.17,-0.33054
45.18,-0.1115
45.19,0.10737999999999999
45.2,0.31893
45.21,0.50945
45.22,0.67912
45.23,0.8194899999999999
45.24,0.9234700000000001
45.25,0.9883200000000001
45.26,1.0137
45.27,0.99766
45.28,0.9430700000000001
45.29,0.85409
45.3,0.73492
45.31,0.59255
45.32,0.43563999999999997
45.33,0.26936
45.34,0.10005
45.35,-0.064947
45.36,-0.22008000000000003
45.37,-0.35886999999999997
45.38,-0.47962
45.39,-0.5777100000000001
45.4,-0.6517
45.41,-0.7006600000000001
45.42,-0.72519
45.43,-0.72745
45.44,-0.7082
45.45,-0.6711600000000001
45.46,-0.61808
45.47,-0.55169
45.48,-0.47503
45.49,-0.39029
45.5,-0.2988
45.51,-0.20422
45.52,-0.10667
45.53,-0.0065797
45.54,0.095259
45.55,0.19715
45.56,0.29774
45.57,0.3956
45.58,0.48757
45.59,0.57186
45.6,0.64594
45.61,0.70685
45.62,0.75021
45.63,0.77369
45.64,0.7729
45.65,0.74664
45.66,0.69438
45.67,0.61415
45.68,0.5062800000000001
45.69,0.37374
45.7,0.2189
45.71,0.046237
45.72,-0.13957999999999998
45.73,-0.33102
45.74,-0.5201100000000001
45.75,-0.6976399999999999
45.76,-0.8558100000000001
45.77,-0.98518
45.78,-1.0789
45.79,-1.1311
45.8,-1.1376
45.81,-1.0971
45.82,-1.0093
45.83,-0.8771399999999999
45.84,-0.7047800000000001
45.85,-0.49763999999999997
45.86,-0.26448
45.87,-0.015322
45.88,0.23911
45.89,0.48891999999999997
45.9,0.72163
45.91,0.9267700000000001
45.92,1.0941
45.93,1.2155
45.94,1.2865
45.95,1.3024
45.96,1.2655
45.97,1.1755
45.98,1.0367
45.99,0.8551700000000001
46.0,0.64036
46.01,0.4014
46.02,0.14867
46.03,-0.10683
46.04,-0.35386
46.05,-0.58367
46.06,-0.7865800000000001
46.07,-0.95429
46.08,-1.079
46.09,-1.1561
46.1,-1.1838
46.11,-1.1641
46.12,-1.0973
46.13,-0.9878
46.14,-0.8415100000000001
46.15,-0.66518
46.16,-0.46643999999999997
46.17,-0.25456999999999996
46.18,-0.037373
46.19,0.17687
46.2,0.38026
46.21,0.5642199999999999
46.22,0.7247600000000001
46.23,0.857
46.24,0.9546899999999999
46.25,1.0145
46.26,1.0362
46.27,1.0204
46.28,0.96654
46.29,0.87754
46.3,0.75831
46.31,0.61406
46.32,0.45053999999999994
46.33,0.27371999999999996
46.34,0.088391
46.35,-0.097938
46.36,-0.27856
46.37,-0.44742
46.38,-0.5965199999999999
46.39,-0.72344
46.4,-0.81937
46.41,-0.8851399999999999
46.42,-0.9164899999999999
46.43,-0.91201
46.44,-0.87271
46.45,-0.7993
46.46,-0.69655
46.47,-0.56942
46.48,-0.42325
46.49,-0.26408000000000004
46.5,-0.09902999999999999
46.51,0.066832
46.52,0.22457
46.53,0.36837
46.54,0.49053
46.55,0.58602
46.56,0.65713
46.57,0.69852
46.58,0.70875
46.59,0.69018
46.6,0.64448
46.61,0.5775
46.62,0.49145
46.63,0.39492
46.64,0.29671
46.65,0.18186
46.66,0.077329
46.67,-0.017988999999999998
46.68,-0.10918
46.69,-0.17995999999999998
46.7,-0.23395
46.71,-0.27247
46.72,-0.29431999999999997
46.73,-0.3014
46.74,-0.29833000000000004
46.75,-0.29072
46.76,-0.27807
46.77,-0.26744
46.78,-0.25604
46.79,-0.25346
46.8,-0.25311999999999996
46.81,-0.26366999999999996
46.82,-0.27492
46.83,-0.29091
46.84,-0.30922
46.85,-0.32308000000000003
46.86,-0.32869
46.87,-0.32583
46.88,-0.3048
46.89,-0.26621999999999996
46.9,-0.20801
46.91,-0.11848
46.92,-0.018739
46.93,0.09863200000000001
46.94,0.22021999999999997
46.95,0.35700000000000004
46.96,0.49054
46.97,0.6169100000000001
46.98,0.72835
46.99,0.8174399999999999
47.0,0.87574
47.01,0.89751
47.02,0.8801100000000001
47.03,0.8236
47.04,0.72642
47.05,0.5957100000000001
47.06,0.43338999999999994
47.07,0.24006999999999998
47.08,0.027083999999999997
47.09,-0.1977
47.1,-0.42683000000000004
47.11,-0.62842
47.12,-0.81477
47.13,-0.9670799999999999
47.14,-1.0766
47.15,-1.1379
47.16,-1.1488
47.17,-1.1071
47.18,-1.0152
47.19,-0.87835
47.2,-0.70072
47.21,-0.49046000000000006
47.22,-0.25756
47.23,-0.011423
47.24,0.23693000000000003
47.25,0.47634
47.26,0.69547
47.27,0.8841700000000001
47.28,1.0349
47.29,1.1408
47.3,1.1992
47.31,1.207
47.32,1.1666
47.33,1.0803
47.34,0.9527200000000001
47.35,0.79057
47.36,0.6008899999999999
47.37,0.39208000000000004
47.38,0.1718
47.39,-0.051422
47.4,-0.26966
47.41,-0.47578000000000004
47.42,-0.66223
47.43,-0.8219200000000001
47.44,-0.95057
47.45,-1.0437
47.46,-1.0991
47.47,-1.1164
47.48,-1.0942
47.49,-1.0358
47.5,-0.94295
47.51,-0.81945
47.52,-0.66847
47.53,-0.49603
47.54,-0.30782
47.55,-0.10919000000000001
47.56,0.093463
47.57,0.29352
47.58,0.48398
47.59,0.6582600000000001
47.6,0.80834
47.61,0.9297700000000001
47.62,1.0166
47.63,1.0657
47.64,1.0743
47.65,1.0417
47.66,0.9695299999999999
47.67,0.85857
47.68,0.7128
47.69,0.53719
47.7,0.33884000000000003
47.71,0.12605999999999998
47.72,-0.091947
47.73,-0.30722
47.74,-0.5101899999999999
47.75,-0.69271
47.76,-0.8447399999999999
47.77,-0.96062
47.78,-1.034
47.79,-1.0626
47.8,-1.0469
47.81,-0.98493
47.82,-0.88285
47.83,-0.74531
47.84,-0.58016
47.85,-0.39539
47.86,-0.1988
47.87,-0.00034198
47.88,0.1926
47.89,0.37146999999999997
47.9,0.52886
47.91,0.65773
47.92,0.75626
47.93,0.82091
47.94,0.85046
47.95,0.84719
47.96,0.81404
47.97,0.7557
47.98,0.6762
47.99,0.58109
48.0,0.47558999999999996
48.01,0.36501
48.02,0.25361999999999996
48.03,0.14372000000000001
48.04,0.037377999999999995
48.05,-0.061863
48.06,-0.15383
48.07,-0.23917
48.08,-0.31929
48.09,-0.39369
48.1,-0.46315
48.11,-0.52927
48.12,-0.5905
48.13,-0.64657
48.14,-0.6957
48.15,-0.73392
48.16,-0.75838
48.17,-0.76552
48.18,-0.75105
48.19,-0.71119
48.2,-0.6431
48.21,-0.54537
48.22,-0.4172
48.23,-0.26066999999999996
48.24,-0.077278
48.25,0.12519
48.26,0.33909
48.27,0.5554899999999999
48.28,0.76231
48.29,0.94885
48.3,1.0987
48.31,1.214
48.32,1.266
48.33,1.2696
48.34,1.2224
48.35,1.1054
48.36,0.9329299999999999
48.37,0.7053699999999999
48.38,0.43215
48.39,0.12607000000000002
48.4,-0.19530999999999998
48.41,-0.5152399999999999
48.42,-0.81199
48.43,-1.0755
48.44,-1.2929
48.45,-1.4547
48.46,-1.5378
48.47,-1.5436
48.48,-1.4653
48.49,-1.3203
48.5,-1.1156
48.51,-0.84478
48.52,-0.5319699999999999
48.53,-0.19571
48.54,0.14420999999999998
48.55,0.46388
48.56,0.76415
48.57,1.0162
48.58,1.2101
48.59,1.3343
48.6,1.3807
48.61,1.3638
48.62,1.2664
48.63,1.1093
48.64,0.89869
48.65,0.65733
48.66,0.40731
48.67,0.13790999999999998
48.68,-0.11365
48.69,-0.3416
48.7,-0.52222
48.71,-0.6637
48.72,-0.7460100000000001
48.73,-0.7852100000000001
48.74,-0.76681
48.75,-0.70304
48.76,-0.59617
48.77,-0.46898999999999996
48.78,-0.32789
48.79,-0.20255
48.8,-0.079783
48.81,0.017830000000000002
48.82,0.08794400000000001
48.83,0.12089000000000001
48.84,0.12754000000000001
48.85,0.09016
48.86,0.024123
48.87,-0.07132000000000001
48.88,-0.17253
48.89,-0.28489000000000003
48.9,-0.33852
48.91,-0.39241
48.92,-0.41193
48.93,-0.39189
48.94,-0.32628
48.95,-0.21383000000000002
48.96,-0.063105
48.97,0.12137
48.98,0.3252
48.99,0.53089
49.0,0.73668
49.01,0.92263
49.02,1.0631
49.03,1.1521
49.04,1.1835
49.05,1.1572
49.06,1.0701
49.07,0.9135700000000001
49.08,0.6934899999999999
49.09,0.42333000000000004
49.1,0.11974000000000001
49.11,-0.21975
49.12,-0.5536399999999999
49.13,-0.87389
49.14,-1.1547
49.15,-1.3779
49.16,-1.5239
49.17,-1.6071
49.18,-1.6039
49.19,-1.5182
49.2,-1.3649
49.21,-1.1274
49.22,-0.83972
49.23,-0.5099600000000001
49.24,-0.15483
49.25,0.20444
49.26,0.5476800000000001
49.27,0.8595
49.28,1.1223
49.29,1.3244
49.3,1.4542
49.31,1.5111
49.32,1.4935
49.33,1.4064
49.34,1.2570000000000001
49.35,1.0558
49.36,0.8191
49.37,0.55899
49.38,0.28994000000000003
49.39,0.025234
49.4,-0.24982
49.41,-0.44671000000000005
49.42,-0.63502
49.43,-0.78225
49.44,-0.8864700000000001
49.45,-0.9469700000000001
49.46,-0.96724
49.47,-0.95119
49.48,-0.9071100000000001
49.49,-0.84116
49.5,-0.7573
49.51,-0.66392
49.52,-0.56528
49.53,-0.46526000000000006
49.54,-0.36559
49.55,-0.26698
49.56,-0.16748
49.57,-0.066885
49.58,0.036293
49.59,0.14511
49.6,0.25958000000000003
49.61,0.38126
49.62,0.5069899999999999
49.63,0.6352899999999999
49.64,0.76018
49.65,0.87765
49.66,0.9776799999999999
49.67,1.0533
49.68,1.0972
49.69,1.1034
49.7,1.0667
49.71,0.98359
49.72,0.8539100000000001
49.73,0.67435
49.74,0.44255
49.75,0.17809
49.76,-0.11519000000000001
49.77,-0.42722
49.78,-0.7369
49.79,-1.0273
49.8,-1.2748
49.81,-1.4854
49.82,-1.6301
49.83,-1.7019
49.84,-1.6925
49.85,-1.6018
49.86,-1.4311
49.87,-1.1825
49.88,-0.87254
49.89,-0.50589
49.9,-0.10279
49.91,0.32
49.92,0.73054
49.93,1.1101
49.94,1.4345
49.95,1.6996
49.96,1.8845
49.97,1.9798
49.98,1.9829
49.99,1.8939
