,loss,root_mean_squared_error
0,0.032449824546244205,0.18013834953308105
1,0.0016690664928807888,0.040854211896657944
2,0.0007567110752434685,0.027508379891514778
3,0.0003698126032419726,0.019230511039495468
4,0.00021553142503531367,0.014680990017950535
5,0.0001426096267058304,0.01194192748516798
6,9.494888590745018e-05,0.009744171984493732
7,7.141525873432511e-05,0.008450755849480629
8,5.7260196995245925e-05,0.007567047141492367
9,4.188926810632819e-05,0.0064721922390162945
10,3.2842142508827975e-05,0.005730806849896908
11,2.7405910218235933e-05,0.0052350652404129505
12,2.4122982827625803e-05,0.004911515396088362
13,2.1807955670764793e-05,0.00466989865526557
14,2.120818506821681e-05,0.004605234134942293
15,1.8300716526504482e-05,0.004277933854609728
16,1.7228787476983444e-05,0.004150757100433111
17,1.793927077285867e-05,0.004235477652400732
18,1.7174583740924415e-05,0.004144222941249609
19,1.5476485373731186e-05,0.003934016916900873
20,1.431365706323264e-05,0.0037833391688764095
21,1.7136879553315146e-05,0.004139671567827463
22,1.3945333671013528e-05,0.0037343453150242567
23,1.3627228710997835e-05,0.003691507736220956
24,1.2828381822562987e-05,0.003581673139706254
25,1.223504722480025e-05,0.00349786295555532
26,1.4767307002039214e-05,0.0038428253028541803
27,1.1429747728548536e-05,0.0033807908184826374
28,1.1429881380621887e-05,0.0033808110747486353
29,1.6046602820942522e-05,0.004005820956081152
30,1.6132422573023882e-05,0.004016519524157047
31,1.9361475570635227e-05,0.00440016807988286
32,1.578354923236664e-05,0.003972851671278477
33,1.352725017223562e-05,0.0036779409274458885
34,1.0182233936639837e-05,0.0031909614335745573
35,1.0882281678485638e-05,0.003298830706626177
36,5.085331975510487e-05,0.0071311513893306255
37,4.572539353154627e-05,0.006762055214494467
38,1.1211321203679343e-05,0.0033483311999589205
39,1.3281788436238325e-05,0.0036444186698645353
40,8.584952672078484e-06,0.002930009039118886
41,8.281872467196504e-06,0.0028778237756341696
42,1.2483967047802198e-05,0.0035332655534148216
43,1.4799403998242066e-05,0.0038469990249723196
44,1.9509848469128807e-05,0.0044169956818223
45,3.339191943092075e-05,0.005778573453426361
46,6.384418514460407e-05,0.007990256883203983
47,1.0089841082994899e-05,0.003176450962200761
48,2.4783809999168927e-05,0.0049783349968492985
49,1.4983936516657042e-05,0.0038709091022610664
50,2.1182802682752634e-05,0.004602477885782719
51,1.2988962174206827e-05,0.0036040202248841524
52,9.779233215649362e-06,0.003127176547423005
53,1.9024784836777893e-05,0.004361741244792938
54,3.5003564669359126e-05,0.005916380323469639
55,9.881616221150766e-06,0.003143503563478589
56,1.3329999748629008e-05,0.0036510275676846504
57,1.1969224903051843e-05,0.003459656611084938
58,1.983900769620868e-05,0.004454100504517555
59,2.4981644601423508e-05,0.004998164717108011
60,2.262223937391967e-05,0.004756284411996603
61,4.275773243518418e-05,0.006538939196616411
62,0.00011683855872749874,0.010809189639985561
63,3.2147791110941265e-05,0.005669902078807354
64,8.705419433038052e-06,0.0029504948761314154
65,1.5903165107051603e-05,0.0039878771640360355
66,1.7827605199402793e-05,0.004222275223582983
67,1.2412556243375132e-05,0.00352314580231905
68,2.3913611635749704e-05,0.004890154581516981
69,3.444639770254419e-05,0.005869104992598295
70,1.3475292641909707e-05,0.003670870792120695
71,1.2982574618986366e-05,0.0036031336057931185
72,1.0086097775409649e-05,0.00317586213350296
73,7.701309891378815e-06,0.0027751231100410223
74,4.8851241696902927e-05,0.006989366374909878
75,3.719112992327018e-05,0.00609845295548439
76,2.0391116408626802e-05,0.004515652544796467
77,3.58769140385937e-05,0.005989734549075365
78,3.482486980923385e-05,0.0059012603014707565
79,1.5589176546716017e-05,0.003948312718421221
80,1.987359812595221e-05,0.004457981791347265
81,1.0045179599187593e-05,0.0031694131903350353
82,1.3122181174320354e-05,0.003622455056756735
83,2.325402412515968e-05,0.00482224253937602
84,2.6083488733811333e-05,0.005107199773192406
85,2.280978802889796e-05,0.00477595953270793
86,9.669449967875587e-06,0.003109574317932129
87,1.0904794361406795e-05,0.0033022407442331314
88,4.8808399603100085e-05,0.006986301392316818
89,1.3594008309783072e-05,0.003687005490064621
90,1.653911968714813e-05,0.004066830966621637
91,1.4324708275818133e-05,0.0037847997155040503
92,9.668717193235411e-06,0.0031094560399651527
93,1.4503601159442797e-05,0.0038083591498434544
94,1.0229843497509825e-05,0.003198412712663412
95,3.060990740561008e-05,0.005532622337341309
96,1.1336796001899973e-05,0.0033670158591121435
97,1.1660712721967609e-05,0.0034147787373512983
98,2.209662105455142e-05,0.004700704477727413
99,2.4405166175051856e-05,0.004940158687531948
100,9.70173824605789e-06,0.00311476131901145
101,2.4554880040899558e-05,0.004955288488417864
102,2.0061226476375068e-05,0.004478975664824247
103,2.0501495169591137e-05,0.00452785799279809
104,4.398867808462215e-05,0.0066323960199952126
105,5.901762147797544e-05,0.007682292256504297
106,3.515562987297229e-05,0.005929217673838139
107,1.1825369750602057e-05,0.003438803134486079
108,1.0716002979547441e-05,0.0032735306303948164
109,1.640228582751339e-05,0.00404997356235981
110,1.6506623582813168e-05,0.004062834661453962
111,1.938302559474771e-05,0.00440261559560895
112,2.1895297305907584e-05,0.004679241683334112
113,2.4549906945363504e-05,0.004954786039888859
114,5.67384821176875e-06,0.002381984144449234
115,1.820398321909352e-05,0.004266612697392702
116,4.1710714066271694e-05,0.0064583830535411835
117,1.4511113783251913e-05,0.003809345420449972
118,1.2091835355092772e-05,0.0034773314837366343
119,2.9977974496509293e-05,0.005475214216858149
120,1.6339165634218513e-05,0.004042173270136118
121,1.1987866835132667e-05,0.003462349995970726
122,1.271046885510496e-05,0.003565174527466297
123,1.572526937764523e-05,0.003965509589761496
124,1.4465053225447797e-05,0.0038032950833439827
125,6.986674048782397e-06,0.0026432317681610584
126,1.0249361983753356e-05,0.003201462095603347
127,1.8381559163317976e-05,0.004287371411919594
128,9.597698109713993e-06,0.0030980147421360016
129,3.208953576975566e-05,0.005664763040840626
130,1.9835802809817545e-05,0.004453739617019892
131,9.538851880517663e-06,0.0030885031446814537
132,1.4327198425522458e-05,0.003785128006711602
133,1.7941112659837063e-05,0.004235695116221905
134,2.3841795108232697e-05,0.00488280551508069
135,8.612108748621014e-06,0.0029346393421292305
136,1.8970781288587486e-05,0.004355546087026596
137,1.531211728896777e-05,0.003913070075213909
138,1.2096361434396237e-05,0.0034779824782162905
139,2.5290347577003986e-05,0.0050289505161345005
140,5.2001001317032196e-05,0.007211172487586737
141,5.839872795060083e-05,0.007641906384378672
142,8.116066564639844e-06,0.002848871285095811
143,6.817221638653159e-06,0.002610980998724699
144,8.382295244438085e-06,0.0028952190186828375
145,8.321287498494106e-06,0.002884663874283433
146,1.0767900599121199e-05,0.0032814480364322662
147,1.5551010457483052e-05,0.00394347682595253
148,2.9537745776089635e-05,0.005434863734990358
149,1.162051817864958e-05,0.003408888354897499
150,1.5936380360139474e-05,0.003992039244621992
151,1.3286640047850648e-05,0.003645084099844098
152,1.2714462692190038e-05,0.003565734252333641
153,2.623578311074544e-05,0.005122087895870209
154,1.5339229831449418e-05,0.0039165327325463295
155,1.5434912348097246e-05,0.0039287288673222065
156,6.808612745708503e-06,0.002609331626445055
157,1.0730764977139966e-05,0.003275784431025386
158,1.4004390600380655e-05,0.0037422440946102142
159,1.094991050163205e-05,0.0033090647775679827
160,1.8322730279992696e-05,0.004280506167560816
161,5.5493640890757225e-05,0.007449405267834663
162,1.4034625512325165e-05,0.0037462813779711723
163,7.769270526166713e-06,0.002787340898066759
164,5.3150173421901576e-06,0.002305431989952922
165,2.3459174911775744e-05,0.00484346691519022
166,1.0003870904689313e-05,0.0031628895085304976
167,6.408151597796227e-06,0.0025314325466752052
168,5.763744013899452e-06,0.00240077986381948
169,5.785798015958871e-06,0.0024053684901446104
170,5.354123219027502e-06,0.002313898177817464
171,9.930051952888438e-06,0.003151198150590062
172,1.6999698387231805e-05,0.00412306934595108
173,1.737219392069069e-05,0.004167996346950531
174,9.31243104353925e-06,0.0030516276601701975
175,1.9188663898259847e-05,0.004380487371236086
176,1.2113054481853119e-05,0.0034803810995072126
177,1.6323013560360618e-05,0.00404017511755228
178,1.1839144487975822e-05,0.003440805710852146
179,4.325220540889958e-05,0.006576640997081995
180,2.5139476442718666e-05,0.005013928283005953
181,7.891297945232008e-06,0.0028091450221836567
182,5.076685305121986e-06,0.0022531498689204454
183,9.020817160761114e-06,0.003003467572852969
184,7.946549003127962e-06,0.002818962326273322
185,1.1106073554399535e-05,0.0033325774129480124
186,1.1397845512019217e-05,0.003376069711521268
187,3.595861912206874e-05,0.0059965504333376884
188,1.0790062671834822e-05,0.003284822916612029
189,1.4083764613388537e-05,0.003752834163606167
190,8.29321759404736e-06,0.0028797949198633432
191,8.46172233400925e-06,0.002908904105424881
192,5.490025989537276e-06,0.002343080472201109
193,9.836265597782395e-06,0.0031362820882350206
194,5.705292463243876e-06,0.0023885753471404314
195,1.1080605201928794e-05,0.003328754100948572
196,1.0750336609469143e-05,0.0032787704840302467
197,1.6053741037642514e-05,0.004006712231785059
198,3.08197428038465e-05,0.00555155286565423
199,5.792811836368094e-05,0.007611051667481661
200,1.3142077939597464e-05,0.0036252003628760576
201,5.411833818849214e-06,0.002326335059478879
202,6.853294899564365e-06,0.0026178795378655195
203,8.021402020562217e-06,0.0028322080615907907
204,3.867742117740124e-06,0.00196665758267045
205,1.1613423056101722e-05,0.0034078473690897226
206,7.4268392124111304e-06,0.0027252223808318377
207,5.476707849172999e-06,0.002340236445888877
208,7.260293075944146e-06,0.0026944933924824
209,6.674961546553791e-06,0.0025835947599262
210,1.1954557910703816e-05,0.0034575359895825386
211,5.6324150655602114e-05,0.007504941895604134
212,2.7899393663865122e-05,0.0052819871343672276
213,8.538097166015902e-06,0.0029220024589449167
214,7.171746832511448e-06,0.0026780120097100735
215,4.905512956357395e-06,0.0022148392163217068
216,9.406429453427517e-06,0.0030669907573610544
217,6.9047737636223305e-06,0.0026276935823261738
218,2.097826037008129e-05,0.004580202978104353
219,9.739731265194678e-06,0.0031208537984639406
220,6.145350286740552e-06,0.0024789816234260798
221,6.599558448917581e-06,0.0025689604226499796
222,1.2413443679813066e-05,0.0035232719965279102
223,4.945742732055163e-06,0.0022239028476178646
224,9.131870733727641e-06,0.0030218984466046095
225,2.18507383157548e-05,0.004674477037042379
226,7.971327456003616e-06,0.0028233539778739214
227,9.852721572160783e-06,0.003138904459774494
228,8.489575152933036e-06,0.002913687378168106
229,1.2050116777736022e-05,0.0034713277127593756
230,1.5394171910716347e-05,0.003923540469259024
231,6.950278174840272e-06,0.0026363383512943983
232,9.210615847517176e-06,0.0030348992440849543
233,6.4085366268643796e-06,0.00253150868229568
234,2.6849368567137635e-05,0.005181637592613697
235,3.632497917368293e-05,0.006027021445333958
236,1.2630290156863727e-05,0.0035539118107408285
237,8.562411901213108e-06,0.002926160115748644
238,4.5255380058966325e-06,0.002127331215888262
239,6.211578364170774e-06,0.002492303727194667
240,7.96386230547021e-06,0.0028220314998179674
241,1.1343029105708422e-05,0.0033679413609206676
242,2.916552425940552e-05,0.005400511436164379
243,6.313586858238174e-06,0.0025126852560788393
244,5.049649553521573e-06,0.002247142605483532
245,8.735199109817804e-06,0.0029555372893810272
246,6.417049603953842e-06,0.0025331894867122173
247,1.0266059239503891e-05,0.003204069333150983
248,1.1008665123830402e-05,0.0033179307356476784
249,6.925726302622185e-06,0.0026316773146390915
250,9.808469612605511e-06,0.0031318478286266327
251,2.951892384953482e-05,0.005433131940662861
252,7.632599086810576e-06,0.002762716030701995
253,5.4039540830671695e-06,0.0023246407508850098
254,1.4832699046222078e-05,0.003851324785500765
255,9.948654728089297e-06,0.0031541488133370876
256,5.7256412138252474e-06,0.002392831491306424
257,6.259343897182142e-06,0.0025018679443746805
258,3.111212990840048e-05,0.0055778250098228455
259,3.88314221272343e-05,0.006231486797332764
260,7.849109079258791e-06,0.0028016259893774986
261,3.7581571522526143e-06,0.0019385964842513204
262,4.867619634521982e-06,0.002206268021836877
263,1.7442594252820187e-05,0.004176432732492685
264,4.7941638548178765e-06,0.0021895579993724823
265,4.711243522948649e-06,0.0021705396939069033
266,7.634334936064569e-06,0.0027630296535789967
267,4.150502045499271e-06,0.0020372781436890364
268,7.380738957213405e-06,0.0027167517691850662
269,8.14106138326293e-06,0.0028532545547932386
270,8.863758189827337e-06,0.002977206604555249
271,7.109820015966108e-06,0.0026664247270673513
272,1.4615891086875503e-05,0.003823074046522379
273,2.261942611667458e-05,0.004755988251417875
274,8.751807706864176e-06,0.0029583454597741365
275,7.70504541543533e-06,0.0027757964562624693
276,4.516670291773627e-06,0.002125245751813054
277,6.358932592183861e-06,0.0025216923095285892
278,1.3415350704716725e-05,0.0036626970395445824
279,1.6504881354200318e-05,0.004062619525939226
280,8.792480355889927e-06,0.0029652114026248455
281,5.681521318984914e-06,0.0023835941683501005
282,1.28656887172269e-05,0.003586877603083849
283,2.6649211043991038e-05,0.0051622879691421986
284,9.705043091637258e-06,0.0031152921728789806
285,7.642913253098518e-06,0.002764581935480237
286,4.001040144734471e-06,0.0020002599339932203
287,1.029927735243263e-05,0.003209248650819063
288,2.802548770778085e-05,0.005293911322951317
289,4.422212489812319e-05,0.006649971008300781
290,1.6066519926388294e-05,0.004008306656032801
291,2.9920649571214255e-06,0.0017297588055953383
292,3.957001901884847e-06,0.0019892214331775904
293,3.5195737927494035e-06,0.0018760524690151215
294,4.731841411714583e-06,0.002175279427319765
295,3.060790042790073e-06,0.0017495114589110017
296,4.873111749800731e-06,0.0022075127344578505
297,7.298675649468027e-06,0.0027016059029847383
298,1.081785888269072e-05,0.003289051353931427
299,1.038863733636587e-05,0.003223140724003315
300,1.0700573681013314e-05,0.0032711729872971773
301,1.4235773050049183e-05,0.0037730326876044273
302,2.4441750474976548e-05,0.004943860694766045
303,3.584977591337025e-06,0.001893403590656817
304,1.1196405924733708e-05,0.0033461027778685093
305,9.662228294992751e-06,0.0031084122601896524
306,3.936169800087952e-06,0.001983978319913149
307,5.301831714178867e-06,0.0023025707341730595
308,2.1458743932441444e-05,0.004632357973605394
309,1.5151222559014445e-05,0.0038924573455005884
310,5.240963240625071e-06,0.0022893152199685574
311,4.543499438202724e-06,0.002131548710167408
312,3.546442331326773e-06,0.0018832000205293298
313,7.069168709561981e-06,0.0026587904430925846
314,8.175127181461562e-06,0.0028592178132385015
315,1.111942585603622e-05,0.0033345806878060102
316,1.6066668373539814e-05,0.004008324816823006
317,4.230567599937748e-06,0.0020568345207720995
318,1.9596341063935612e-05,0.004426775500178337
319,3.1539574700694996e-05,0.005616010632365942
320,7.255473600858392e-06,0.002693598624318838
321,2.1476789885920407e-05,0.004634305369108915
322,1.1242005393606584e-05,0.003352909814566374
323,4.063115819572205e-06,0.0020157170947641134
324,6.089013533845628e-06,0.0024675927124917507
325,1.1597904288444297e-05,0.003405569586902857
326,4.515844130205901e-06,0.0021250518038868904
327,8.438405231792249e-06,0.0029048931319266558
328,6.7540492362125506e-06,0.002598854945972562
329,9.849428955573437e-06,0.0031383796595036983
330,6.56874139290823e-06,0.00256295595318079
331,4.495347842257044e-06,0.00212022359482944
332,5.131990289473518e-06,0.0022653895430266857
333,8.286756090922607e-06,0.002878672443330288
334,1.2021321229775348e-05,0.003467177739366889
335,5.111774649335858e-06,0.002260923385620117
336,6.405765683690825e-06,0.0025309615302830935
337,6.963417869566472e-06,0.00263882870785892
338,7.6089837850722285e-06,0.0027584389317780733
339,9.15348922951496e-05,0.009567387402057648
340,1.5326959475440046e-05,0.003914965782314539
341,6.044333585981482e-06,0.0024585225619375706
342,4.440980004114739e-06,0.0021073634270578623
343,4.487046580025954e-06,0.0021182650234550238
344,5.907546169476276e-06,0.0024305444676429033
345,7.639633603258645e-06,0.0027639889158308506
346,4.721824091659223e-06,0.0021729758009314537
347,6.336462925253845e-06,0.002517233369871974
348,8.164609283524444e-06,0.0028573779854923487
349,4.991847107465593e-06,0.002234244253486395
350,2.951889151113713e-06,0.0017181062139570713
351,4.1600937266635145e-06,0.0020396308973431587
352,1.0269360923593043e-05,0.0032045841217041016
353,1.6507289079975967e-05,0.0040629166178405285
354,2.754026912520943e-05,0.005247882567346096
355,5.586318865872273e-06,0.0023635393008589745
356,3.338164109167262e-06,0.0018270643195137382
357,6.714812661712975e-06,0.0025912956334650517
358,1.167988819288783e-05,0.0034175850450992584
359,7.650927153113015e-06,0.0027660306077450514
360,2.3603594045014887e-05,0.004858352709561586
361,4.797286065561432e-06,0.002190270461142063
362,2.9500476679188943e-06,0.00171757023781538
363,3.697746423943302e-06,0.0019229525933042169
364,1.2817499554280991e-05,0.003580153686925769
365,7.675815298225137e-06,0.002770525636151433
366,4.937933319631881e-06,0.00222214637324214
367,4.9438909442986e-06,0.002223486313596368
368,4.738605687874081e-06,0.002176834037527442
369,8.795962957918375e-06,0.0029657988343387842
370,1.3054931296580615e-05,0.0036131609231233597
371,6.060367197823805e-06,0.0024617817252874374
372,1.0360368754198583e-05,0.003218752332031727
373,6.27794577404825e-06,0.002505582757294178
374,1.6460019542322335e-05,0.0040570953860878944
375,1.7024858175810377e-05,0.004126119427382946
376,6.16131492760355e-06,0.0024821993429213762
377,5.071039936266004e-06,0.002251897007226944
378,6.154040132690965e-06,0.0024807334411889315
379,7.929942873009503e-06,0.0028160156216472387
380,7.447253657038112e-06,0.0027289658319205046
381,5.082509529723589e-06,0.002254442311823368
382,6.7031867033663885e-06,0.002589051378890872
383,9.977397804604051e-06,0.0031587022822350264
384,1.5956922040653112e-05,0.00399461155757308
385,3.691336247303059e-05,0.006075636949390173
386,2.3035075075496403e-05,0.004799487069249153
387,6.920478493806395e-06,0.002630680100992322
388,5.871332480334593e-06,0.0024230831768363714
389,5.402289129760112e-06,0.0023242824245244265
390,3.7516574916008725e-06,0.001936919754371047
391,5.629930521606915e-06,0.0023727475199848413
392,5.230108649187751e-06,0.0022869431413710117
393,3.273127770639718e-06,0.0018091786187142134
394,6.7703519289071635e-06,0.002601990010589361
395,4.691402009970669e-06,0.002165964338928461
396,8.837948881912309e-06,0.0029728689696639776
397,7.302702132634788e-06,0.002702351426705718
398,5.241224678853345e-06,0.002289372030645609
399,3.6239399219361523e-06,0.0019036650191992521
400,6.667893677971121e-06,0.0025822266470640898
401,7.720884387764841e-06,0.0027786479331552982
402,9.869291949101774e-06,0.003141542663797736
403,3.943317186217303e-06,0.0019857787992805243
404,7.621993246059509e-06,0.002760796109214425
405,1.1676461652916315e-05,0.0034170832950621843
406,1.178712213139385e-05,0.0034332380164414644
407,2.232057493253508e-05,0.004724465776234865
408,9.901642105494322e-06,0.0031466875225305557
409,1.1076245667125955e-05,0.003328099614009261
410,9.13776432941349e-06,0.0030228737741708755
411,3.852755398117931e-06,0.001962843583896756
412,4.371948752703472e-06,0.0020909204613417387
413,3.94379942090036e-06,0.001985900104045868
414,5.671628931898249e-06,0.0023815182503312826
415,6.603402408600044e-06,0.0025697085075080395
416,7.367166128986094e-06,0.002714252332225442
417,8.198605492813113e-06,0.0028633205220103264
418,8.300526498979246e-06,0.002881063614040613
419,7.993898057170949e-06,0.00282734795473516
420,3.46373490478513e-05,0.005885350052267313
421,2.350343111343519e-05,0.004848034121096134
422,4.522719609907279e-06,0.002126668579876423
423,4.605806234392896e-06,0.0021461143624037504
424,1.1589477811269743e-05,0.00340433232486248
425,1.4781231079236607e-05,0.0038446367252618074
426,5.498915122541573e-06,0.002344976644963026
427,2.5928916679667976e-06,0.0016102459048852324
428,2.621754674113392e-06,0.0016191834583878517
429,4.1790119752544166e-06,0.0020442630629986525
430,3.241854017325981e-06,0.001800514874048531
431,4.744856599244899e-06,0.0021782692056149244
432,4.705260780910095e-06,0.0021691613364964724
433,2.6091678056233084e-05,0.005108001176267862
434,2.709587318463388e-05,0.005205370020121336
435,4.430002218222479e-06,0.002104756888002157
436,4.613738709046362e-06,0.0021479616407305002
437,5.221282846220703e-06,0.0022850127425044775
438,3.757557329915508e-06,0.001938442001119256
439,7.244092982799591e-06,0.0026914849877357483
440,3.7665956947812375e-06,0.0019407718209549785
441,7.581866091653035e-06,0.0027535187546163797
442,5.445626343649835e-06,0.002333586337044835
443,7.494514394698109e-06,0.0027376108337193727
444,7.95217996208943e-06,0.002819961169734597
445,3.829169324064832e-06,0.001956826075911522
446,4.0408662242787975e-06,0.002010190859436989
447,5.542011525058434e-06,0.0023541476111859083
448,6.226958657457205e-06,0.0024953873362392187
449,5.382908669877528e-06,0.002320109633728862
450,9.472943837301602e-06,0.003077814821153879
451,4.955185027433313e-06,0.0022260246332734823
452,1.5193516686144783e-05,0.0038978862576186657
453,1.5379943007466493e-05,0.00392172671854496
454,1.4582485455268241e-05,0.0038187019526958466
455,5.2040537173733734e-05,0.00721391336992383
456,1.3751482805550724e-05,0.0037082992494106293
457,4.33549330396506e-06,0.002082184888422489
458,3.597605565755376e-06,0.0018967355135828257
459,6.314472044127254e-06,0.002512861043214798
460,4.919498871134544e-06,0.0022179943043738604
461,3.4185606868999946e-06,0.0018489351496100426
462,3.0990927125502897e-06,0.001760423998348415
463,4.021948024791681e-06,0.0020054795313626528
464,4.18046429387511e-06,0.0020446181297302246
465,4.150789463102289e-06,0.00203734845854342
466,6.689581806646879e-06,0.002586422488093376
467,3.2540222488272233e-06,0.0018038909183815122
468,4.4937829611017265e-06,0.0021198545582592487
469,6.4469573762671676e-06,0.002539085689932108
470,6.565617476180112e-06,0.0025623461697250605
471,8.922022571234868e-06,0.002986975247040391
472,6.027867119802165e-06,0.002455171663314104
473,4.772616871254804e-06,0.002184632234275341
474,7.731720526263939e-06,0.0027805971913039684
475,1.0829563874159434e-05,0.0032908304128795862
476,7.508044605716541e-06,0.0027400811668485403
477,5.6265327383500374e-06,0.002372031332924962
478,1.0730807963619234e-05,0.0032757914159446955
479,1.009984260477513e-05,0.0031780251301825047
480,3.8116910906822596e-06,0.0019523553783074021
481,4.377044789818237e-06,0.0020921388640999794
482,4.415956887864349e-06,0.0021014176309108734
483,3.409572008658992e-06,0.0018465027678757906
484,8.129412960347609e-06,0.0028512123972177505
485,9.041379529675229e-06,0.003006888320669532
486,1.1766507072546768e-05,0.003430234733968973
487,7.056203479677877e-06,0.0026563515421003103
488,5.101834496954757e-06,0.0022587240673601627
489,6.3912912081088645e-06,0.0025281005073338747
490,1.8877530229558514e-05,0.004344828426837921
491,8.75718338863451e-06,0.0029592537321150303
492,6.7730733834831265e-06,0.002602512715384364
493,3.1439532163993112e-06,0.0017731196712702513
494,3.249603056768456e-06,0.0018026657635346055
495,5.6881527765127605e-06,0.002384984865784645
496,1.3268316715847573e-05,0.0036425699945539236
497,6.019673229322994e-06,0.0024535025004297495
498,4.221052016332429e-06,0.0020545199513435364
499,1.2648224013839366e-05,0.0035564342979341745
500,6.487168141690476e-06,0.0025469919200986624
501,5.191481127049045e-06,0.0022784823086112738
502,1.375942036186737e-05,0.003709368873387575
503,1.3010340237852963e-05,0.003606985090300441
504,3.401615817372918e-06,0.0018443471053615212
505,3.6014139042371273e-06,0.0018977391300722957
506,3.872816788012036e-06,0.001967947231605649
507,5.249359764986203e-06,0.002291147829964757
508,1.4242662114304673e-05,0.0037739446852356195
509,7.470211193765286e-06,0.0027331686578691006
510,3.823852600296806e-06,0.001955467276275158
511,3.198262264620573e-06,0.0017883686814457178
512,5.100363339096191e-06,0.0022583981044590473
513,4.206806903170574e-06,0.0020510500762611628
514,2.4170824062472485e-06,0.0015546969370916486
515,6.522854395246153e-06,0.00255398778244853
516,5.479524517064552e-06,0.0023408387787640095
517,7.689687488923394e-06,0.002773028565570712
518,9.1298372664271e-06,0.0030215622391551733
519,9.993703302331768e-06,0.003161281580105424
520,6.220182913827698e-06,0.0024940292350947857
521,7.840828769423028e-06,0.002800147980451584
522,7.082491424183649e-06,0.0026612950023263693
523,7.676604194193987e-06,0.002770668361335993
524,5.193998824969275e-06,0.0022790348157286644
525,9.01609893156465e-06,0.0030026822350919247
526,8.673919492083036e-06,0.0029451518785208464
527,4.231789823012199e-06,0.002057131612673402
528,8.045283354708812e-06,0.002836421364918351
529,4.099266863112321e-06,0.0020246647763997316
530,2.846149918376936e-06,0.0016870537074282765
531,5.087477560253724e-06,0.002255543600767851
532,2.3442878747404673e-05,0.004841784480959177
533,1.5882462645945545e-05,0.00398528017103672
534,6.188976645752429e-06,0.0024877653922885656
535,2.9233318912609007e-06,0.0017097751842811704
536,4.6308331994625076e-06,0.00215193722397089
537,4.676003587715271e-06,0.0021624071523547173
538,8.517639542379824e-06,0.0029184995219111443
539,8.631386202317982e-06,0.0029379220213741064
540,3.667925972586639e-06,0.0019151829183101654
541,3.761989017317136e-06,0.001939584850333631
542,4.732882730407009e-06,0.002175519010052085
543,4.092064504467954e-06,0.002022885251790285
544,3.947956022031878e-06,0.0019869464449584484
545,1.3353072887861552e-05,0.003654185216873884
546,1.0500015905136928e-05,0.0032403727527707815
547,8.605694849302067e-06,0.0029335464350879192
548,3.939028164616398e-06,0.0019846984650939703
549,3.4543900370305166e-06,0.001858599134720862
550,1.1116205588421472e-05,0.003334097331389785
551,1.390896347248214e-05,0.003729472868144512
552,3.25455063544775e-06,0.0018040373688563704
553,3.1918725119643595e-06,0.0017865811241790652
554,3.545240471278218e-06,0.0018828808097168803
555,1.6195904713631536e-05,0.004024413414299488
556,7.082192590694398e-06,0.002661238657310605
557,5.515031001742589e-06,0.0023484104312956333
558,3.4583849960627054e-06,0.001859673298895359
559,8.854347598796308e-06,0.0029756256844848394
560,3.866722191558438e-06,0.00196639820933342
561,3.6041758862590804e-06,0.0018984666094183922
562,5.51949400041305e-06,0.0023493601474910975
563,3.406728242669572e-06,0.0018457322148606181
564,3.144043496933738e-06,0.0017731449333950877
565,6.969315289891649e-06,0.0026399462949484587
566,8.689076187229563e-06,0.0029477241914719343
567,8.187591211399953e-06,0.002861396875232458
568,2.4415859294558437e-05,0.004941240418702364
569,1.4595580360315034e-05,0.00382041628472507
570,6.410921997645482e-06,0.0025319799315184355
571,3.1449306206037027e-06,0.0017733954591676593
572,2.8067364764630716e-06,0.0016753317322582006
573,3.057442888181815e-06,0.0017485545249655843
574,5.524406239535739e-06,0.0023504055570811033
575,7.433063030024062e-06,0.00272636441513896
576,3.297528394413831e-06,0.0018159097526222467
577,3.962295293811253e-06,0.0019905513618141413
578,5.464871600143163e-06,0.002337706508114934
579,4.73342872251212e-06,0.002175644040107727
580,7.4327741469127655e-06,0.002726311795413494
581,4.356351301023733e-06,0.002087187487632036
582,6.312109012510098e-06,0.002512390725314617
583,2.083271227367847e-05,0.004564286675304174
584,7.492163686353897e-06,0.0027371819596737623
585,2.7147044467371396e-06,0.0016476359451189637
586,4.383625077315823e-06,0.0020937109366059303
587,6.193173812315105e-06,0.0024886091705411673
588,6.10843127457902e-06,0.0024715240579098463
589,6.888352103118352e-06,0.002624566899612546
590,1.5849893155671838e-05,0.003981192130595446
591,6.816657917932002e-06,0.0026108724996447563
592,4.2839839378587335e-06,0.0020697787404060364
593,1.9497661274183568e-06,0.0013963402016088367
594,2.2253783215603347e-06,0.0014917701482772827
595,3.0242366730012093e-06,0.0017390332650393248
596,5.80520352794824e-06,0.0024093990214169025
597,1.5119428451165833e-05,0.0038883707020431757
598,1.1518224063731328e-05,0.003393850987777114
599,3.872686440048948e-06,0.00196791416965425
600,4.177509125614009e-06,0.0020438956562429667
601,3.6386071762537045e-06,0.0019075132440775633
602,4.32539010700941e-06,0.002079757396131754
603,7.4759551630647575e-06,0.0027342194225639105
604,9.792067655863636e-06,0.0031292280182242393
605,8.505099519455386e-06,0.0029163502622395754
606,6.661797857436193e-06,0.0025810454972088337
607,4.803514424737231e-06,0.0021916921250522137
608,5.559440079607578e-06,0.0023578463587909937
609,1.5912041383006616e-05,0.003988990094512701
610,4.0917379574715175e-06,0.002022804692387581
611,3.962232705621436e-06,0.0019905357621610165
612,6.835606089989788e-06,0.0026144993025809526
613,7.723025412692489e-06,0.0027790332678705454
614,4.586077170531367e-06,0.0021415126975625753
615,3.247410318155583e-06,0.001802057377062738
616,2.666223046329224e-06,0.001632857252843678
617,5.5382263235118185e-06,0.002353343414142728
618,9.337529999140355e-06,0.0030557368882000446
619,6.7765151566229e-06,0.002603173954412341
620,4.655240470702974e-06,0.0021576005965471268
621,4.05356291192293e-06,0.002013346180319786
622,7.63475150431256e-06,0.002763105323538184
623,2.331855313186491e-05,0.004828928969800472
624,9.24206154862865e-06,0.0030400760006159544
625,2.762668427057387e-06,0.001662127673625946
626,2.5458649946210767e-06,0.0015955767594277859
627,2.285524932095721e-06,0.001511795213446021
628,2.890450401855337e-06,0.0017001325031742454
629,3.3742949904366085e-06,0.0018369253957644105
630,3.4900756113998216e-06,0.001868174527771771
631,6.550010317864021e-06,0.0025592988822609186
632,1.3977007190999837e-05,0.003738583531230688
633,1.2936384649394414e-05,0.0035967184230685234
634,3.3573340252837002e-06,0.0018323027761653066
635,4.857599239197361e-06,0.002203996293246746
636,3.8602245031594315e-06,0.001964745344594121
637,2.5039704237568947e-06,0.0015823940047994256
638,3.894531002991405e-06,0.0019734567031264305
639,4.169488300353703e-06,0.002041932661086321
640,5.120931737773352e-06,0.0022629473824054003
641,9.479254346367275e-06,0.003078839974477887
642,4.673779002982563e-06,0.002161892596632242
643,6.1809475359229065e-06,0.0024861511774361134
644,7.782335871726367e-06,0.002789683872833848
645,1.8001912704454504e-05,0.004242865834385157
646,5.509262426031721e-06,0.0023471820168197155
647,4.67209962783571e-06,0.002161504002287984
648,7.256477984245169e-06,0.002693784888833761
649,6.450063404502602e-06,0.0025396975688636303
650,4.1390272469990445e-06,0.0020344601944088936
651,3.8347302564602425e-06,0.001958246575668454
652,2.0587122350842665e-05,0.004537303000688553
653,1.5920029449345733e-05,0.003989991266280413
654,5.514066823031208e-06,0.0023482046090066433
655,4.582642719559672e-06,0.0021407108288258314
656,2.806967245491713e-06,0.0016754009993746877
657,2.2447882311492e-06,0.0014982616994529963
658,2.6782679479681164e-06,0.0016365413321182132
659,2.2327490464640517e-06,0.0014942385023459792
660,4.300225632739262e-06,0.0020736984442919493
661,4.477359605814469e-06,0.002115977229550481
662,6.638435184673854e-06,0.002576516242697835
663,4.736013223239793e-06,0.0021762384567409754
664,3.5160405012712663e-06,0.0018751107854768634
665,3.44978061574771e-06,0.0018573583802208304
666,3.859153961845066e-06,0.0019644726999104023
667,5.194046980944674e-06,0.002279045293107629
668,2.690342335438467e-06,0.0016402265755459666
669,2.927071171591707e-06,0.0017108686733990908
670,4.458693602255918e-06,0.0021115620620548725
671,5.7329467142279735e-06,0.002394357230514288
672,2.5949855049414934e-05,0.005094100255519152
673,1.1591686247180851e-05,0.0034046564251184464
674,5.15760960401148e-06,0.002271037781611085
675,2.9462584581724194e-06,0.0017164668533951044
676,3.366364345105835e-06,0.0018347655422985554
677,3.8577891540242065e-06,0.0019641255494207144
678,3.5835791087349687e-06,0.001893034321255982
679,3.5367774286884015e-06,0.001880632247775793
680,2.866214393832257e-06,0.001692989724688232
681,3.1156726297203564e-06,0.001765126478858292
682,1.2926813978615909e-05,0.003595387563109398
683,5.924124852645056e-06,0.0024339526426047087
684,1.4764574523332642e-05,0.0038424695376306772
685,4.1771435385864335e-06,0.0020438064821064472
686,6.19763382220593e-06,0.0024895048700273037
687,2.528363220767795e-06,0.0015900826547294855
688,2.4652361878487344e-06,0.0015701070660725236
689,4.978708457682837e-06,0.002231301972642541
690,3.962639636672776e-06,0.0019906379748135805
691,1.7252220632113186e-05,0.004153579007834196
692,6.3175824937287475e-06,0.0025134803727269173
693,3.670301740890937e-06,0.0019158032955601811
694,4.881951915459832e-06,0.002209513681009412
695,4.685215525494986e-06,0.0021645359229296446
696,1.7376115619395583e-05,0.004168467130511999
697,5.949271386797412e-06,0.0024391126353293657
698,7.0660125725663254e-06,0.002658196957781911
699,2.859338221593897e-06,0.0016909576952457428
700,4.022047013436146e-06,0.0020055044442415237
701,4.887278707880631e-06,0.0022107188124209642
702,3.1777149585407936e-06,0.001782614621333778
703,3.345827468083257e-06,0.0018291603773832321
704,6.771239981374413e-06,0.002602160442620516
705,1.411240818364375e-05,0.003756648860871792
706,5.927888487131025e-06,0.002434725407510996
707,1.195122409000543e-05,0.0034570549614727497
708,4.2706049132638785e-06,0.002066544257104397
709,2.5602073154231595e-06,0.0016000648029148579
710,1.9244751613616436e-06,0.0013872545678168535
711,2.7473020726535243e-06,0.0016574987675994635
712,5.546264608640009e-06,0.0023550509940832853
713,8.115329379793562e-06,0.002848741365596652
714,2.207475189170754e-06,0.0014857572969049215
715,2.8047282109366648e-06,0.0016747323097661138
716,4.7457253239990735e-06,0.0021784689743071795
717,1.0284607593077998e-05,0.003206962486729026
718,8.219014622823264e-06,0.002866882598027587
719,3.98509000424426e-06,0.001996269216760993
720,4.36943065546365e-06,0.00209031836129725
721,2.394738116782656e-06,0.0015474942047148943
722,4.853159593965092e-06,0.0022029888350516558
723,1.0135629135288322e-05,0.0031836500857025385
724,3.704471149756018e-05,0.006086436565965414
725,3.94828018571737e-06,0.001987028168514371
726,3.3486365395199263e-06,0.0018299281364306808
727,3.605687883504942e-06,0.0018988648662343621
728,4.7152257210724685e-06,0.0021714570466428995
729,3.0276819577643404e-06,0.0017400233773514628
730,2.6401512613184495e-06,0.0016248542815446854
731,3.588450743821335e-06,0.0018943205941468477
732,3.88338926402189e-06,0.001970631768926978
733,4.720339110092921e-06,0.00217263400554657
734,3.070903496981008e-06,0.0017523994902148843
735,8.087143363947664e-06,0.00284379068762064
736,5.293350406262011e-06,0.0023007283452898264
737,6.771525506663014e-06,0.0026022158563137054
738,4.739048377186868e-06,0.0021769353188574314
739,5.9681303087149465e-06,0.002442976227030158
740,8.07757108423484e-06,0.002842106856405735
741,4.436285842304022e-06,0.002106248866766691
742,4.824585506848304e-06,0.0021964937914162874
743,2.8479641302673094e-06,0.0016875911969691515
744,2.7033093436401516e-06,0.0016441745683550835
745,7.039918394782505e-06,0.0026532846968621016
746,7.27492978406953e-06,0.0026972079649567604
747,7.347667409372391e-06,0.002710658125579357
748,3.269331050597317e-06,0.0018081291345879436
749,4.073363091417102e-06,0.002018257509917021
750,1.1574083591356025e-05,0.003402070375159383
751,1.8568095399579183e-05,0.0043090712279081345
752,4.057282215072826e-06,0.0020142695866525173
753,2.488533417416369e-06,0.0015775086358189583
754,4.105695690230192e-06,0.0020262515172362328
755,3.6771065730989664e-06,0.0019175782799720764
756,3.157399332782349e-06,0.0017769072437658906
757,3.8998480242548e-06,0.0019748033955693245
758,4.351379779991481e-06,0.0020859960932284594
759,5.0288023949249846e-06,0.002242499031126499
760,6.360705453581833e-06,0.002522043650969863
761,7.098861764122024e-06,0.0026643690653145313
762,6.07381324371315e-06,0.0024645107332617044
763,8.4170511422016e-06,0.002901215571910143
764,3.250769607330274e-06,0.0018029891652986407
765,2.7344968507832078e-06,0.0016536313341930509
766,1.7190070695735191e-06,0.0013111091684550047
767,2.491896722540886e-06,0.0015785741852596402
768,7.008707440560999e-06,0.002647396409884095
769,4.9376941847317105e-06,0.002222092356532812
770,3.1049498412351156e-06,0.001762086758390069
771,3.1414088919924912e-06,0.0017724019708111882
772,5.790116961026659e-06,0.0024062662851065397
773,1.0241440676842538e-05,0.0032002252992242575
774,5.4425809160995476e-06,0.002332933945581317
775,6.266055419011621e-06,0.002503209048882127
776,7.137327713642431e-06,0.002671577734872699
777,8.467961974077204e-06,0.002909976290538907
778,4.154200154992226e-06,0.002038185717537999
779,3.082397750913753e-06,0.0017556757666170597
780,7.309861489010621e-06,0.0027036755345761776
781,6.67968473688596e-06,0.0025845083873718977
782,3.5875503623358336e-06,0.0018940828740596771
783,2.507759695916431e-06,0.0015835907543078065
784,3.2430852076280056e-06,0.001800856669433415
785,3.1734857586190985e-06,0.0017814277671277523
786,2.6149482897627954e-06,0.0016170800663530827
787,3.519863875514136e-06,0.0018761302344501019
788,4.245315267202078e-06,0.0020604163873940706
789,3.0425635903659887e-06,0.0017442945390939713
790,8.266858953977783e-06,0.002875214908272028
791,7.10808939680265e-06,0.002666100161150098
792,2.7465261266922195e-06,0.0016572646563872695
793,6.377717647168747e-06,0.00252541434019804
794,6.9199716670132125e-06,0.002630583243444562
795,6.224044466636131e-06,0.0024948036298155785
796,6.704823206237475e-06,0.0025893673300743103
797,5.701198070243831e-06,0.002387718064710498
798,2.7129003517353288e-06,0.0016470885602757335
799,6.266174764027342e-06,0.002503233030438423
800,2.518644930575497e-06,0.0015870238421484828
801,3.6661658817689945e-06,0.0019147234270349145
802,5.820230967876916e-06,0.002412515226751566
803,7.45165423194204e-06,0.0027297718916088343
804,7.693958085113956e-06,0.0027737985365092754
805,3.62300086063794e-06,0.0019034183351323009
806,5.136866015715382e-06,0.0022664654534310102
807,5.004514503998752e-06,0.002237077336758375
808,3.3400214251917254e-06,0.0018275724723935127
809,3.153547584301175e-06,0.0017758230678737164
810,6.349442594998999e-06,0.0025198101066052914
811,2.7895824516951294e-06,0.0016702043358236551
812,1.3347242397236599e-05,0.0036533880047500134
813,5.9576653530910295e-06,0.002440833020955324
814,7.033590519385874e-06,0.0026520919054746628
815,3.90350660863073e-06,0.0019757295958697796
816,3.910996932232396e-06,0.0019776239059865475
817,3.4881415161087403e-06,0.001867656596004963
818,6.725583953785434e-06,0.002593373181298375
819,1.2458161244194558e-05,0.0035296122077852488
820,3.704336277275854e-06,0.0019246652955189347
821,3.391456766059428e-06,0.0018415908562019467
822,3.265163475885637e-06,0.0018069762736558914
823,4.179421777595905e-06,0.0020443631801754236
824,3.0218274119469215e-06,0.0017383403610438108
825,3.109380646215257e-06,0.0017633434617891908
826,4.436884698644006e-06,0.002106391591951251
827,4.771047723071422e-06,0.0021842727437615395
828,5.0579115500838385e-06,0.0022489801049232483
829,4.028974547531929e-06,0.0020072306506335735
830,7.836291319203799e-06,0.0027993374969810247
831,7.5219879668965335e-06,0.002742624143138528
832,1.0273824732599972e-05,0.0032052809838205576
833,3.9094568451616576e-06,0.0019772343803197145
834,3.391673582296896e-06,0.0018416496459394693
835,4.781458861276619e-06,0.002186654834076762
836,2.7555116593976013e-06,0.0016599734080955386
837,1.0107148653586133e-05,0.0031791741494089365
838,3.169857383363474e-06,0.0017804092494770885
839,3.3352189346425936e-06,0.0018262581434100866
840,2.9394098465499104e-06,0.001714470679871738
841,2.4805757116422302e-06,0.001574984285980463
842,6.450368428954198e-06,0.002539757639169693
843,4.549732414725728e-06,0.0021330101881176233
844,1.8953999783346898e-06,0.001376735046505928
845,4.961638868052805e-06,0.002227473771199584
846,7.299778155445711e-06,0.0027018103282898664
847,5.5315794661604394e-06,0.0023519310634583235
848,5.0531543933650765e-06,0.002247922122478485
849,9.285539117423836e-06,0.003047218080610037
850,6.373299596401004e-06,0.0025245393626391888
851,4.565492728721478e-06,0.002136701252311468
852,5.449282263938712e-06,0.0023343695793300867
853,2.6764395070364404e-06,0.0016359826549887657
854,4.62670039023127e-06,0.002150976564735174
855,3.232706280018388e-06,0.001797972829081118
856,3.6708420262102584e-06,0.0019159442745149136
857,6.104703162383528e-06,0.0024707696866244078
858,5.356058615486245e-06,0.0023143161088228226
859,3.842729644322004e-06,0.0019602885004132986
860,2.443278250650526e-06,0.001563098980113864
861,2.6897545130250473e-06,0.0016400470631197095
862,4.896768087093521e-06,0.0022128638811409473
863,7.5592073081461295e-06,0.002749401144683361
864,6.936818739365298e-06,0.0026337841991335154
865,4.203796798870964e-06,0.0020503161940723658
866,1.8537450339872024e-06,0.0013615229399874806
867,5.112228772473466e-06,0.0022610239684581757
868,4.414924911828527e-06,0.0021011722274124622
869,5.095592982262974e-06,0.0022573419846594334
870,6.621184224299831e-06,0.0025731660425662994
871,2.6367595825342923e-06,0.0016238102689385414
872,3.4096497188722187e-06,0.0018465237226337194
873,1.8974061602031136e-05,0.004355922807008028
874,1.0883138902992614e-05,0.0032989599276334047
875,4.18210538530486e-06,0.0020450197625905275
876,3.0134603000922334e-06,0.001735932077281177
877,5.673272031581909e-06,0.0023818633053451777
878,3.593970521271492e-06,0.0018957769498229027
879,2.916643754055479e-06,0.001707818591967225
880,2.2405463342615237e-06,0.001496845274232328
881,5.1820838036295095e-06,0.002276419196277857
882,9.627110111480604e-06,0.003102758666500449
883,6.687845249851972e-06,0.0025860867463052273
884,2.537312393876351e-06,0.0015928945504128933
885,3.0469749911667217e-06,0.00174555869307369
886,3.8390858530402515e-06,0.001959358574822545
887,2.58072223788678e-06,0.0016064626397565007
888,8.075875273910303e-06,0.002841808833181858
889,8.800430405978773e-06,0.002966551808640361
890,7.2116789683387605e-06,0.0026854572352021933
891,2.8648995817254434e-06,0.0016926014795899391
892,2.09807851909438e-06,0.0014484745915979147
893,3.0194206380737905e-06,0.0017376479227095842
894,3.879397781934543e-06,0.0019696184899657965
895,4.109701598579981e-06,0.0020272396504878998
896,3.296867767701798e-06,0.0018157277954742312
897,2.5121136297463553e-06,0.0015849651535972953
898,3.063789603849646e-06,0.0017503685085102916
899,6.9522881845844085e-06,0.0026367190293967724
900,8.90780165627819e-06,0.0029845936223864555
901,4.534892585214508e-06,0.002129528671503067
902,7.575466929835174e-06,0.0027523564640432596
903,2.974339126061576e-06,0.001724627218209207
904,3.356221870618746e-06,0.0018319995142519474
905,2.2777390781024036e-06,0.0015092178946360946
906,2.524282320169597e-06,0.0015887991758063436
907,7.84401182546133e-06,0.002800716320052743
908,1.4590540590434975e-05,0.0038197569083422422
909,1.5253054991044046e-05,0.0039055158849805593
910,4.747488152063451e-06,0.0021788731683045626
911,2.958938168719896e-06,0.0017201564041897655
912,4.606198573353182e-06,0.0021462056320160627
913,5.248245452813321e-06,0.0022909052204340696
914,4.442732674970064e-06,0.0021077790297567844
915,3.010420691009914e-06,0.0017350564012303948
916,2.0023638933858628e-06,0.0014150489587336779
917,3.6333036511741396e-06,0.0019061226630583405
918,2.7446805458525977e-06,0.0016567077254876494
919,3.645732527348449e-06,0.00190938008017838
920,3.0559390044479164e-06,0.0017481246031820774
921,3.5379091234981716e-06,0.0018809331813827157
922,2.5385127269542293e-06,0.0015932710375636816
923,5.392177637075293e-06,0.0023221063893288374
924,3.7710672303184832e-06,0.0019419238669797778
925,3.442437763318484e-06,0.0018553808331489563
926,2.5379539502155205e-06,0.0015930957160890102
927,2.1732987727903552e-06,0.001474211341701448
928,2.547985103650574e-06,0.0015962409088388085
929,1.1462055015930637e-05,0.003385565709322691
930,1.5934717014030743e-05,0.003991831559687853
931,3.6203463457234896e-06,0.0019027205416932702
932,2.0510600798500965e-06,0.0014321523485705256
933,2.8714350960355504e-06,0.001694530830718577
934,2.477175908144826e-06,0.0015739045338705182
935,1.910489189648076e-06,0.0013822043547406793
936,2.7791559762241274e-06,0.0016670802142471075
937,3.035315744421254e-06,0.0017422159435227513
938,4.1231707373846536e-06,0.0020305593498051167
939,4.414891629794952e-06,0.002101164311170578
940,3.468459011357572e-06,0.0018623799551278353
941,2.226692599167478e-06,0.0014922107802703977
942,2.672243363758637e-06,0.0016346998745575547
943,5.210374229210905e-06,0.0022826245985925198
944,6.464728159983048e-06,0.0025425832718610764
945,5.215444617120152e-06,0.0022837347351014614
946,3.327658632214663e-06,0.0018241869984194636
947,4.0283544843910615e-06,0.0020070760510861874
948,3.2814175842693835e-06,0.0018114682752639055
949,3.450378801581284e-06,0.001857519499026239
950,2.958550228144436e-06,0.001720043714158237
951,3.915391070965049e-06,0.00197873474098742
952,2.1652272605892828e-05,0.004653200041502714
953,5.401144141402295e-06,0.0023240360897034407
954,1.2995704907692239e-05,0.00360495550557971
955,4.3209976036849605e-06,0.0020787010435014963
956,2.1288856088125125e-06,0.001459070248529315
957,3.2757216656284374e-06,0.00180989527143538
958,2.8791137904606906e-06,0.0016967948758974671
959,2.8301853593949147e-06,0.0016823153709992766
960,3.207776866894171e-06,0.001791026908904314
961,5.062450155523363e-06,0.002249988727271557
962,1.911946964658317e-06,0.0013827315997332335
963,2.0280949524340138e-06,0.0014241121243685484
964,5.074072375782246e-06,0.0022525705862790346
965,3.4443130326460143e-06,0.0018558859592303634
966,3.685810813733293e-06,0.0019198465161025524
967,2.9324057165827088e-06,0.0017124268924817443
968,9.931303595495969e-06,0.0031513969879597425
969,8.460261909957225e-06,0.0029086528811603785
970,4.4606562871516975e-06,0.002112026559188962
971,4.1168864805752036e-06,0.002029011258855462
972,2.389946433571744e-06,0.0015459450660273433
973,2.6356552899930635e-06,0.0016234701033681631
974,3.6247887205558596e-06,0.001903887721709907
975,1.7771720742596108e-06,0.0013331061927601695
976,3.2775885859483645e-06,0.0018104113405570388
977,7.202974954747445e-06,0.002683836268261075
978,5.069370072415021e-06,0.0022515261080116034
979,3.4896652620140512e-06,0.0018680646317079663
980,2.3888235602281837e-06,0.001545581966638565
981,9.968575876868109e-06,0.003157304599881172
982,3.779223255372059e-06,0.0019440227188169956
983,2.8493402548368343e-06,0.0016879988834261894
984,5.051739768678725e-06,0.002247607335448265
985,5.573966799964448e-06,0.0023609253112226725
986,2.318388497875422e-06,0.0015226254472509027
987,2.3372228388014485e-06,0.0015287981368601322
988,4.48218268229919e-06,0.0021171164698898792
989,2.9798314555287244e-06,0.001726218732073903
990,2.5394418866062743e-06,0.001593562657944858
991,3.2120940704722183e-06,0.0017922313418239355
992,3.465742599674291e-06,0.0018616506131365895
993,2.7290448422657484e-05,0.005224025808274746
994,5.469175557396291e-06,0.002338626654818654
995,3.282192070013054e-06,0.0018116820137947798
996,2.8869723426917505e-06,0.0016991093289107084
997,2.5803242696403683e-06,0.0016063388902693987
998,3.079761323056453e-06,0.001754924887791276
999,2.68788832690592e-06,0.001639478257857263
